index,nfd-1-cps,nfd-1-cr,rr-active-state,rr-position,ss1-active-state,ss1-position,ss2-active-state,ss2-position,manual-scram
2717,26220000.0,0.0397,0,29.9595,0,62.587,0,47.4361,0
2718,26160000.0,0.0033,0,29.9596,0,62.5871,0,47.4363,0
2719,26170000.0,0.0009,0,29.9591,0,62.5867,0,47.4362,0
2720,26170000.0,0.0258,0,29.9586,0,62.5862,0,47.4354,0
2721,26180000.0,0.0554,0,29.9586,0,62.5867,0,47.4358,0
2722,26220000.0,0.0527,0,29.9585,0,62.5865,0,47.4361,0
2723,26210000.0,0.0238,0,29.9586,0,62.5869,0,47.4358,0
2724,26210000.0,0.0207,0,29.9587,0,62.5865,0,47.436,0
2725,26220000.0,0.0106,0,29.9586,0,62.5863,0,47.4352,0
2726,26180000.0,-0.0083,0,29.9586,0,62.5863,0,47.4355,0
2727,26150000.0,-0.0119,0,29.9586,0,62.5867,0,47.4356,0
2728,26150000.0,-0.0178,0,29.9589,0,62.5863,0,47.4361,0
2729,26180000.0,0.0038,0,29.9593,0,62.5861,0,47.4359,0
2730,26240000.0,0.0607,0,29.9584,0,62.5859,0,47.4355,0
2731,26220000.0,0.0248,0,29.9584,0,62.5865,0,47.4355,0
2732,26150000.0,-0.0006,0,29.9586,0,62.586,0,47.4354,0
2733,26140000.0,0.0031,0,29.9584,0,62.586,0,47.4357,0
2734,26210000.0,0.0399,0,29.9585,0,62.586,0,47.4358,0
2735,26230000.0,0.0248,0,29.9583,0,62.5865,0,47.4357,0
2736,26200000.0,0.0384,0,29.9585,0,62.587,0,47.4356,0
2737,26220000.0,0.0338,0,29.9588,0,62.587,0,47.436,0
2738,26210000.0,-0.0011,0,29.9588,0,62.5863,0,47.4354,0
2739,26200000.0,0.0199,0,29.9588,0,62.5866,0,47.4356,0
2740,26240000.0,0.0767,0,29.9594,0,62.5864,0,47.4358,0
2741,26250000.0,0.0695,0,29.9589,0,62.5869,0,47.436,0
2742,26270000.0,0.0617,0,29.9585,0,62.5869,0,47.4357,0
2743,26300000.0,0.0726,0,29.9589,0,62.5867,0,47.4359,0
2744,26300000.0,0.0469,0,29.9585,0,62.586,0,47.436,0
2745,26280000.0,0.0254,0,29.9588,0,62.5866,0,47.4358,0
2746,26280000.0,0.0158,0,29.9587,0,62.5868,0,47.4357,0
2747,26220000.0,0.0018,0,29.9585,0,62.5858,0,47.4355,0
2748,26210000.0,-0.0333,0,29.9584,0,62.5862,0,47.4351,0
2749,26210000.0,0.0118,0,29.9586,0,62.5863,0,47.4356,0
2750,26250000.0,0.0365,0,29.9586,0,62.5871,0,47.436,0
2751,26300000.0,0.0332,0,29.959,0,62.5867,0,47.4359,0
2752,26260000.0,0.0127,0,29.9593,0,62.587,0,47.436,0
2753,26260000.0,0.0032,0,29.9592,0,62.5874,0,47.436,0
2754,26220000.0,0.0011,0,29.9591,0,62.5872,0,47.4363,0
2755,26220000.0,-0.0354,0,29.9587,0,62.5863,0,47.436,0
2756,26210000.0,0.0128,0,29.9588,0,62.5864,0,47.4359,0
2757,26200000.0,0.0024,0,29.9589,0,62.5863,0,47.4357,0
2758,26220000.0,0.0041,0,29.9586,0,62.5868,0,47.4359,0
2759,26200000.0,0.0178,0,29.959,0,62.5863,0,47.4357,0
2760,26220000.0,0.0041,0,29.9586,0,62.5861,0,47.4353,0
2761,26230000.0,0.0339,0,29.9589,0,62.5862,0,47.4357,0
2762,26240000.0,-0.0029,0,29.9583,0,62.5861,0,47.4355,0
2763,26250000.0,0.0151,0,29.9591,0,62.5869,0,47.4363,0
2764,26220000.0,0.038,0,29.9589,0,62.5869,0,47.4364,0
2765,26220000.0,0.0197,0,29.9593,0,62.5869,0,47.4357,0
2766,26210000.0,0.007,0,29.9593,0,62.5862,0,47.4361,0
2767,26200000.0,0.0316,0,29.9589,0,62.5862,0,47.436,0
2768,26290000.0,0.0864,0,29.9589,0,62.5863,0,47.4361,0
2769,26280000.0,0.035,0,29.9594,0,62.5867,0,47.4361,0
2770,26240000.0,0.0568,0,29.9593,0,62.5863,0,47.4357,0
2771,26290000.0,0.0511,0,29.9586,0,62.5865,0,47.4358,0
2772,26310000.0,0.043,0,29.9589,0,62.5865,0,47.436,0
2773,26330000.0,0.0571,0,29.9591,0,62.5872,0,47.4364,0
2774,26320000.0,0.0381,0,29.959,0,62.5868,0,47.436,0
2775,26290000.0,0.0378,0,29.9592,0,62.5865,0,47.4359,0
2776,26300000.0,0.0119,0,29.9591,0,62.5872,0,47.4364,0
2777,26240000.0,-0.0173,0,29.9591,0,62.5875,0,47.4363,1
2778,26280000.0,0.0407,0,29.9596,0,62.5873,0,47.4363,0
2779,26300000.0,0.0105,0,29.959,0,62.5865,0,47.4364,0
2780,26280000.0,0.0077,0,29.9589,0,62.5866,0,47.4362,0
2781,26290000.0,0.0251,0,29.9589,0,62.5863,0,47.436,0
2782,26310000.0,0.0146,0,29.959,0,62.5868,0,47.4359,0
2783,26310000.0,0.0044,0,29.9588,0,62.5864,0,47.4359,0
2784,26300000.0,-0.0071,0,29.959,0,62.5865,0,47.4362,0
2785,26290000.0,0.0172,0,29.9589,0,62.5859,0,47.4358,0
2786,24790000.0,-3.2954,0,29.9588,0,62.5864,0,47.4353,0
2787,19310000.0,-3.3193,0,29.9589,0,62.5864,0,47.4357,0
2788,13870000.0,-3.3206,0,29.9588,0,62.586,0,47.4356,0
2789,9941142.0,-3.3208,0,29.9589,0,62.5858,0,47.436,0
2790,7929002.5,-3.3194,0,29.9587,0,62.5874,0,47.4352,0
2791,6012243.0,-3.3213,0,29.9593,0,62.5869,0,47.4357,0
2792,4760663.5,-3.3209,0,29.9586,0,62.587,0,47.4359,0
2793,3655612.5,-3.3199,0,29.9587,0,62.5862,0,47.436,0
2794,2876052.75,-3.3196,0,29.9588,0,62.5862,0,47.4358,0
2795,2411995.75,-3.3195,0,29.9585,0,62.5869,0,47.4358,0
2796,1993658.0,-3.3181,0,29.9587,0,62.5867,0,47.4359,0
2797,1686292.875,-3.318,0,29.9589,0,62.5864,0,47.4359,0
2798,1444733.625,-3.3185,0,29.959,0,62.5865,0,47.4359,0
2799,1259624.0,-3.3206,0,29.9588,0,62.5865,0,47.436,0
2800,1145671.5,-3.3194,0,29.9591,0,62.5867,0,47.4354,0
2801,1011373.687,-3.3196,0,29.9591,0,62.5866,0,47.4359,0
2802,944799.0,-3.3197,0,29.959,0,62.5866,0,47.4364,0
2803,868791.625,-3.3197,0,29.9594,0,62.5872,0,47.4366,0
2804,799695.3125,-3.3197,0,29.9594,0,62.5871,0,47.4365,0
2805,751325.75,-3.3205,0,29.9593,0,62.5868,0,47.4362,0
2806,710634.125,-3.3204,0,29.9589,0,62.5861,0,47.4362,0
2807,672223.875,-3.3198,0,29.9589,0,62.5863,0,47.4356,0
2808,642346.375,-3.3198,0,29.9586,0,62.5869,0,47.4359,0
2809,609611.0,-3.3193,0,29.9587,0,62.5864,0,47.4353,0
2810,588953.875,-3.3179,0,29.9584,0,62.5862,0,47.435,0
2811,563279.6875,-3.3183,0,29.9579,0,62.5863,0,47.435,0
2812,544854.6875,-3.3179,0,29.9581,0,62.5859,0,47.4355,0
2813,520851.1875,-3.3181,0,29.9584,0,62.5868,0,47.4355,0
2814,501766.6563,-3.3181,0,29.9584,0,62.5864,0,47.4356,0
2815,484504.5313,-3.3195,0,29.9583,0,62.5864,0,47.436,0
2816,468651.7813,-3.3201,0,29.9583,0,62.586,0,47.4355,0
2817,451854.9375,-3.319,0,29.959,0,62.5865,0,47.4359,0
2818,439105.6875,-3.3199,0,29.959,0,62.5868,0,47.4369,0
2819,425144.875,-3.3208,0,29.9585,0,62.5868,0,47.436,0
2820,411547.125,-3.3202,0,29.9589,0,62.5868,0,47.4365,0
2821,401114.8438,-3.306,0,29.9587,0,62.5863,0,47.4363,0
2822,388453.0625,-3.1594,0,29.9594,0,62.5867,0,47.4361,0
2823,375980.875,-3.143,0,29.9589,0,62.5866,0,47.436,0
2824,365907.4063,-3.0699,0,29.9588,0,62.587,0,47.4359,0
2825,355035.5625,-3.0385,0,29.9587,0,62.5871,0,47.4364,0
2826,344730.8125,-2.9553,0,29.9586,0,62.5868,0,47.4363,0
2827,335203.7188,-2.9154,0,29.9587,0,62.5868,0,47.4359,0
2828,327106.875,-2.8901,0,29.959,0,62.5863,0,47.4363,0
2829,318771.75,-2.8233,0,29.9588,0,62.5865,0,47.4358,0
2830,309766.0313,-2.7397,0,29.9582,0,62.5866,0,47.4358,0
2831,301864.9063,-2.7625,0,29.9587,0,62.5868,0,47.4358,0
2832,291543.5625,-2.7841,0,29.9586,0,62.5869,0,47.4357,0
2833,284779.0625,-2.7289,0,29.9587,0,62.5863,0,47.4354,0
2834,277123.625,-2.7478,0,29.9587,0,62.5868,0,47.4357,0
2835,269604.4063,-2.7312,0,29.959,0,62.5871,0,47.4363,0
2836,262169.375,-2.6895,0,29.9595,0,62.5871,0,47.4363,0
23701,28770000.0,0.002,0,29.9586,0,62.5866,0,47.4355,0
23702,28740000.0,0.0113,0,29.9582,0,62.5862,0,47.4354,0
23703,28780000.0,0.021,0,29.9585,0,62.5865,0,47.4361,0
23704,28810000.0,0.0203,0,29.9589,0,62.5867,0,47.436,0
23705,28740000.0,-0.0027,0,29.9587,0,62.5873,0,47.4359,0
23706,28800000.0,0.044,0,29.9587,0,62.5871,0,47.4363,0
23707,28850000.0,0.0428,0,29.9589,0,62.5864,0,47.4363,0
23708,28820000.0,0.0299,0,29.959,0,62.5864,0,47.436,0
23709,28740000.0,-0.0034,0,29.9588,0,62.586,0,47.4358,0
23710,28750000.0,-0.0341,0,29.9586,0,62.5861,0,47.436,0
23711,28750000.0,-0.0216,0,29.9587,0,62.5866,0,47.4355,0
23712,28740000.0,-0.0395,0,29.959,0,62.5869,0,47.4358,0
23713,28770000.0,-0.0125,0,29.9586,0,62.5861,0,47.436,0
23714,28750000.0,-0.0159,0,29.9592,0,62.5864,0,47.4357,0
23715,28770000.0,0.0012,0,29.9588,0,62.5863,0,47.436,0
23716,28720000.0,0.0169,0,29.9583,0,62.5867,0,47.4362,0
23717,28750000.0,0.0161,0,29.9586,0,62.5868,0,47.4362,0
23718,28700000.0,0.0017,0,29.9589,0,62.5867,0,47.4358,0
23719,28750000.0,0.0164,0,29.9584,0,62.5867,0,47.4359,0
23720,28760000.0,0.0403,0,29.9581,0,62.5864,0,47.436,0
23721,28750000.0,0.0314,0,29.9584,0,62.5859,0,47.4353,0
23722,28770000.0,0.0243,0,29.9583,0,62.5864,0,47.4359,0
23723,28780000.0,0.0306,0,29.9585,0,62.5863,0,47.4355,0
23724,28780000.0,0.0637,0,29.9585,0,62.5864,0,47.4356,0
23725,28780000.0,0.0307,0,29.9587,0,62.5867,0,47.4361,0
23726,28770000.0,0.012,0,29.9587,0,62.5866,0,47.4358,0
23727,28750000.0,0.01,0,29.9589,0,62.5864,0,47.4354,0
23728,28750000.0,0.02,0,29.9586,0,62.5865,0,47.4358,0
23729,28750000.0,-0.0117,0,29.9588,0,62.5864,0,47.4359,0
23730,28730000.0,-0.0188,0,29.9583,0,62.5863,0,47.4356,0
23731,28750000.0,0.0079,0,29.959,0,62.5864,0,47.4361,0
23732,28750000.0,0.0264,0,29.959,0,62.5866,0,47.4362,0
23733,28770000.0,0.0219,0,29.959,0,62.5875,0,47.4361,0
23734,28780000.0,0.0306,0,29.9588,0,62.5867,0,47.4365,0
23735,28790000.0,0.0153,0,29.959,0,62.587,0,47.4359,0
23736,28790000.0,0.0176,0,29.9586,0,62.5869,0,47.4359,0
23737,28780000.0,0.0204,0,29.9588,0,62.5871,0,47.4362,0
23738,28760000.0,-0.0084,0,29.9591,0,62.5872,0,47.4362,0
23739,28670000.0,-0.0207,0,29.9587,0,62.5869,0,47.4361,0
23740,28660000.0,-0.0194,0,29.9587,0,62.5862,0,47.4361,0
23741,28670000.0,-0.0132,0,29.9594,0,62.5872,0,47.4364,0
23742,28680000.0,-0.0269,0,29.9583,0,62.5866,0,47.4362,0
23743,28620000.0,-0.0747,0,29.9584,0,62.5861,0,47.4356,0
23744,28600000.0,-0.0159,0,29.9587,0,62.5863,0,47.4354,0
23745,28680000.0,0.01,0,29.9589,0,62.5863,0,47.4364,0
23746,28680000.0,0.0185,0,29.9584,0,62.5863,0,47.436,0
23747,28650000.0,0.0169,0,29.9588,0,62.5862,0,47.4359,0
23748,28590000.0,-0.0251,0,29.9585,0,62.5864,0,47.4357,0
23749,28610000.0,-0.0041,0,29.9588,0,62.5867,0,47.4361,0
23750,28680000.0,0.0177,0,29.9588,0,62.5865,0,47.4362,0
23751,28610000.0,0.0124,0,29.9591,0,62.5868,0,47.436,0
23752,28640000.0,0.019,0,29.9587,0,62.5869,0,47.4361,0
23753,28610000.0,-0.0253,0,29.9586,0,62.5861,0,47.4357,0
23754,28610000.0,-0.0089,0,29.9584,0,62.587,0,47.4358,0
23755,28590000.0,0.014,0,29.959,0,62.5871,0,47.4364,0
23756,28600000.0,-0.0106,0,29.9591,0,62.5865,0,47.4362,0
23757,28600000.0,0.0029,0,29.9587,0,62.5868,0,47.4359,0
23758,28610000.0,0.0269,0,29.9587,0,62.5867,0,47.436,0
23759,28610000.0,0.009,0,29.9587,0,62.5864,0,47.4358,0
23760,28590000.0,-0.0228,0,29.9585,0,62.5862,0,47.4355,0
23761,28510000.0,-0.0258,0,29.9587,0,62.5863,0,47.4357,1
23762,28520000.0,-0.0209,0,29.9586,0,62.5864,0,47.4358,0
23763,28520000.0,-0.0082,0,29.9582,0,62.5864,0,47.4356,0
23764,28550000.0,0.0329,0,29.9578,0,62.5861,0,47.4355,0
23765,28600000.0,0.0534,0,29.958,0,62.586,0,47.4355,0
23766,28590000.0,0.0752,0,29.9582,0,62.5861,0,47.4355,0
23767,28580000.0,0.0592,0,29.9585,0,62.5861,0,47.4353,0
23768,28690000.0,0.0562,0,29.9581,0,62.5862,0,47.4358,0
23769,28620000.0,-0.0044,0,29.9584,0,62.5862,0,47.4357,0
23770,28330000.0,-3.2753,0,29.9581,0,62.5869,0,47.4359,0
23771,21850000.0,-3.3189,0,29.9588,0,62.5864,0,47.436,0
23772,15640000.0,-3.3191,0,29.9585,0,62.587,0,47.4358,0
23773,12050000.0,-3.3201,0,29.9586,0,62.5864,0,47.4357,0
23774,8664712.0,-3.3203,0,29.9591,0,62.5871,0,47.4365,0
23775,6923451.0,-3.3206,0,29.9585,0,62.5869,0,47.436,0
23776,5438001.0,-3.321,0,29.9589,0,62.5873,0,47.4363,0
23777,4112244.0,-3.3202,0,29.9593,0,62.5868,0,47.4359,0
23778,3260944.75,-3.3197,0,29.9588,0,62.5869,0,47.4359,0
23779,2709421.5,-3.3199,0,29.9586,0,62.5866,0,47.4357,0
23780,2292215.75,-3.3193,0,29.9585,0,62.5862,0,47.4356,0
23781,1884952.375,-3.3193,0,29.9581,0,62.5863,0,47.4356,0
23782,1644774.75,-3.3196,0,29.9582,0,62.5863,0,47.4362,0
23783,1453791.625,-3.3193,0,29.9577,0,62.5859,0,47.4357,0
23784,1262079.625,-3.3202,0,29.9577,0,62.5861,0,47.4358,0
23785,1137074.75,-3.3208,0,29.9584,0,62.587,0,47.436,0
23786,1045002.25,-3.3201,0,29.9585,0,62.5866,0,47.4361,0
23787,953850.125,-3.3193,0,29.9589,0,62.587,0,47.4362,0
23788,889935.125,-3.3197,0,29.9592,0,62.5869,0,47.4361,0
23789,827836.0,-3.3187,0,29.9592,0,62.5869,0,47.436,0
23790,787955.25,-3.3188,0,29.9591,0,62.5862,0,47.4368,0
23791,743713.375,-3.3183,0,29.9583,0,62.5866,0,47.436,0
23792,707710.3125,-3.3192,0,29.9582,0,62.5865,0,47.4356,0
23793,671517.5625,-3.3205,0,29.9583,0,62.5867,0,47.436,0
23794,645680.375,-3.3196,0,29.9583,0,62.5864,0,47.4359,0
23795,622803.5625,-3.3194,0,29.9585,0,62.5866,0,47.4357,0
23796,595472.3125,-3.3195,0,29.9585,0,62.5863,0,47.4354,0
23797,574294.0,-3.3183,0,29.9588,0,62.5861,0,47.4358,0
23798,552295.375,-3.3183,0,29.9585,0,62.5864,0,47.436,0
23799,534595.6875,-3.3185,0,29.9589,0,62.5869,0,47.4366,0
23800,516032.7188,-3.3191,0,29.959,0,62.5869,0,47.4366,0
23801,497683.8438,-3.3194,0,29.9584,0,62.5872,0,47.4364,0
23802,483377.4063,-3.3199,0,29.9585,0,62.5871,0,47.4357,0
23803,469381.0938,-3.3203,0,29.9588,0,62.5869,0,47.4359,0
23804,453491.9688,-3.3197,0,29.9589,0,62.5864,0,47.4359,0
23805,441242.4375,-3.3135,0,29.9582,0,62.5866,0,47.4356,0
23806,427138.6563,-3.19,0,29.958,0,62.587,0,47.4359,0
23807,414182.5313,-3.1301,0,29.9585,0,62.5866,0,47.4359,0
23808,402406.7813,-3.0698,0,29.9587,0,62.5862,0,47.4356,0
23809,391934.4375,-2.9812,0,29.9586,0,62.5863,0,47.4358,0
23810,379818.8438,-2.9153,0,29.9587,0,62.5865,0,47.4362,0
23811,370055.7188,-2.9099,0,29.9584,0,62.5871,0,47.4358,0
23812,358965.0313,-2.8767,0,29.9587,0,62.5869,0,47.4358,0
23813,349817.1563,-2.8291,0,29.9591,0,62.5867,0,47.4363,0
23814,340007.625,-2.8034,0,29.9588,0,62.5867,0,47.4362,0
23815,330756.75,-2.8129,0,29.959,0,62.5866,0,47.4362,0
23816,320450.9063,-2.7828,0,29.9589,0,62.5866,0,47.4364,0
23817,313267.125,-2.7449,0,29.9582,0,62.5868,0,47.4355,0
23818,304264.4375,-2.7356,0,29.9582,0,62.5869,0,47.4361,0
23819,296067.3438,-2.7197,0,29.9586,0,62.5864,0,47.4357,0
23820,288365.1875,-2.6885,0,29.9583,0,62.5858,0,47.4354,0
26286,22700000.0,0.0363,0,29.9583,0,62.5863,0,48.9718,0
26287,22690000.0,-0.0015,0,29.9583,0,62.5865,0,48.9723,0
26288,22700000.0,-0.0211,0,29.9582,0,62.5868,0,48.9719,0
26289,22720000.0,-0.0021,0,29.9588,0,62.587,0,48.9724,0
26290,22720000.0,-0.002,0,29.9585,0,62.5874,0,48.9725,0
26291,22680000.0,0.004,0,29.9585,0,62.5867,0,48.9724,0
26292,22720000.0,0.0254,0,29.9588,0,62.587,0,48.9721,0
26293,22710000.0,0.004,0,29.9583,0,62.5865,0,48.972,0
26294,22730000.0,0.0032,0,29.9582,0,62.5864,0,48.9722,0
26295,22730000.0,0.0369,0,29.9584,0,62.5865,0,48.972,0
26296,22750000.0,0.0915,0,29.9579,0,62.5868,0,48.9721,0
26297,22770000.0,0.0942,0,29.9583,0,62.5866,0,48.9725,0
26298,22770000.0,0.0428,0,29.9584,0,62.5866,0,48.9721,0
26299,22740000.0,0.0277,0,29.9581,0,62.5858,0,48.9716,0
26300,22690000.0,0.0297,0,29.9582,0,62.5867,0,48.9721,0
26301,22760000.0,0.0429,0,29.9589,0,62.5868,0,48.9722,0
26302,22700000.0,0.0094,0,29.9587,0,62.5864,0,48.9724,0
26303,22710000.0,0.0065,0,29.9587,0,62.5863,0,48.972,0
26304,22710000.0,0.0078,0,29.9589,0,62.5863,0,48.9719,0
26305,22690000.0,-0.0084,0,29.9585,0,62.587,0,48.9727,0
26306,22700000.0,-0.0152,0,29.9587,0,62.5871,0,48.9724,0
26307,22700000.0,0.0097,0,29.9589,0,62.5863,0,48.9721,0
26308,22710000.0,0.0336,0,29.9588,0,62.5862,0,48.972,0
26309,22710000.0,0.0275,0,29.9588,0,62.5865,0,48.9724,0
26310,22730000.0,0.0231,0,29.9583,0,62.5868,0,48.9729,0
26311,22720000.0,-0.0038,0,29.9581,0,62.5871,0,48.9719,0
26312,22700000.0,-0.0102,0,29.9584,0,62.5869,0,48.972,0
26313,22740000.0,0.0573,0,29.9585,0,62.5863,0,48.9722,0
26314,22760000.0,0.104,0,29.9586,0,62.5863,0,48.9721,0
26315,22830000.0,0.0852,0,29.9591,0,62.5867,0,48.9724,0
26316,22830000.0,0.0867,0,29.9591,0,62.587,0,48.9726,0
26317,22820000.0,0.0432,0,29.9592,0,62.5867,0,48.9722,0
26318,22760000.0,0.0219,0,29.9588,0,62.587,0,48.9726,0
26319,22780000.0,-0.0004,0,29.9589,0,62.5871,0,48.9722,0
26320,22770000.0,0.0185,0,29.9586,0,62.5868,0,48.9721,0
26321,22830000.0,0.0559,0,29.9585,0,62.5863,0,48.9724,0
26322,22880000.0,0.1106,0,29.9591,0,62.5865,0,48.9725,0
26323,22900000.0,0.0881,0,29.9589,0,62.5867,0,48.9719,0
26324,22860000.0,0.0548,0,29.9582,0,62.5868,0,48.9724,0
26325,22840000.0,0.0489,0,29.9588,0,62.5865,0,48.9721,0
26326,22910000.0,0.0546,0,29.9584,0,62.5861,0,48.9722,0
26327,22890000.0,0.0332,0,29.958,0,62.5863,0,48.9715,0
26328,22870000.0,0.0278,0,29.9587,0,62.5864,0,48.9721,0
26329,22900000.0,0.0534,0,29.9586,0,62.5869,0,48.972,0
26330,22890000.0,0.0405,0,29.9589,0,62.5875,0,48.9726,0
26331,22890000.0,0.0319,0,29.9584,0,62.5862,0,48.9723,0
26332,22890000.0,0.0291,0,29.9586,0,62.5866,0,48.9722,0
26333,22910000.0,0.0502,0,29.9588,0,62.5868,0,48.973,0
26334,22910000.0,0.0504,0,29.9584,0,62.5864,0,48.972,0
26335,22920000.0,0.0681,0,29.9579,0,62.5861,0,48.9716,0
26336,22990000.0,0.0657,0,29.9582,0,62.5862,0,48.9718,0
26337,22970000.0,0.0555,0,29.9583,0,62.5865,0,48.9722,0
26338,22980000.0,0.0294,0,29.9591,0,62.5872,0,48.9725,0
26339,22960000.0,0.0146,0,29.9585,0,62.5866,0,48.972,0
26340,22970000.0,0.0267,0,29.9582,0,62.5861,0,48.9718,0
26341,22920000.0,-0.0019,0,29.9575,0,62.5864,16,49.0404,0
26342,22900000.0,0.0043,0,29.9585,0,62.5861,16,49.2171,0
26343,22900000.0,0.0112,0,29.9582,0,62.5863,0,49.3468,0
26344,22900000.0,-0.0097,0,29.9584,0,62.5864,0,49.348,0
26345,22890000.0,0.0144,0,29.9587,0,62.5866,0,49.348,0
26346,22940000.0,0.0652,0,29.9585,0,62.5872,0,49.3486,1
26347,22950000.0,0.0655,0,29.9586,0,62.5867,0,49.3479,0
26348,22970000.0,0.0328,0,29.958,0,62.5863,0,49.3478,0
26349,22950000.0,0.05,0,29.9583,0,62.5862,0,49.3482,0
26350,22950000.0,0.0059,0,29.958,0,62.5868,0,49.3486,0
26351,22950000.0,-0.0076,0,29.9591,0,62.5866,0,49.3483,0
26352,22920000.0,0.0268,0,29.9589,0,62.5866,0,49.3482,0
26353,22960000.0,0.0178,0,29.9584,0,62.5867,0,49.3485,0
26354,22970000.0,0.033,0,29.9582,0,62.5863,0,49.3481,0
26355,22760000.0,-3.2817,0,29.9582,0,62.5861,0,49.3477,0
26356,17650000.0,-3.319,0,29.9584,0,62.5868,0,49.3481,0
26357,12630000.0,-3.3183,0,29.9582,0,62.5867,0,49.3481,0
26358,9559462.0,-3.3177,0,29.9591,0,62.5868,0,49.3484,0
26359,7365252.0,-3.3188,0,29.9583,0,62.5874,0,49.3483,0
26360,5427667.0,-3.3188,0,29.9584,0,62.5864,0,49.3477,0
26361,4425873.0,-3.3187,0,29.9581,0,62.586,0,49.3479,0
26362,3439899.5,-3.3179,0,29.9583,0,62.5866,0,49.348,0
26363,2748149.25,-3.3174,0,29.9587,0,62.587,0,49.3484,0
26364,2185499.0,-3.318,0,29.9587,0,62.5865,0,49.3482,0
26365,1840242.0,-3.3182,0,29.9588,0,62.5872,0,49.3488,0
26366,1584049.625,-3.319,0,29.9584,0,62.5862,0,49.3479,0
26367,1322250.0,-3.3198,0,29.9584,0,62.5865,0,49.3479,0
26368,1159387.0,-3.3195,0,29.9583,0,62.5863,0,49.3479,0
26369,1025815.875,-3.3195,0,29.9584,0,62.5866,0,49.3481,0
26370,930523.75,-3.3185,0,29.9583,0,62.5866,0,49.3483,0
26371,842579.0625,-3.3201,0,29.9591,0,62.587,0,49.3482,0
26372,779902.1875,-3.3194,0,29.9581,0,62.5872,0,49.3483,0
26373,726174.4375,-3.3192,0,29.9585,0,62.586,0,49.3481,0
26374,678334.125,-3.3201,0,29.9577,0,62.5862,0,49.3478,0
26375,638131.3125,-3.3203,0,29.9584,0,62.5868,0,49.3479,0
26376,605876.75,-3.3203,0,29.9579,0,62.5862,0,49.3479,0
26377,575811.6875,-3.3199,0,29.9581,0,62.5862,0,49.3479,0
26378,549509.1875,-3.3203,0,29.9583,0,62.5866,0,49.3484,0
26379,526287.125,-3.3191,0,29.9585,0,62.5863,0,49.3483,0
26380,508209.3438,-3.3187,0,29.9586,0,62.5874,0,49.3484,0
26381,486017.0,-3.321,0,29.9586,0,62.5865,0,49.3479,0
26382,468938.0938,-3.3203,0,29.9584,0,62.5868,0,49.3482,0
26383,451075.4375,-3.3205,0,29.9584,0,62.5867,0,49.3475,0
26384,435542.9063,-3.3204,0,29.9581,0,62.5867,0,49.3482,0
26385,420858.7188,-3.3204,0,29.9577,0,62.5864,0,49.3484,0
26386,406322.5938,-3.321,0,29.9583,0,62.5865,0,49.3482,0
26387,393581.2188,-3.3204,0,29.9583,0,62.5861,0,49.3475,0
26388,381777.625,-3.32,0,29.9579,0,62.586,0,49.3472,0
26389,370806.0938,-3.3208,0,29.9576,0,62.5864,0,49.3478,0
26390,358223.375,-3.3142,0,29.9577,0,62.5859,0,49.3479,0
26391,349269.3125,-3.1896,0,29.9583,0,62.5865,0,49.3479,0
26392,337123.0,-3.1648,0,29.9581,0,62.5868,128,49.3481,0
26393,328474.0625,-3.1236,0,29.958,0,62.5862,128,49.2597,0
26394,318176.0,-3.0402,0,29.9577,0,62.5864,128,49.0873,0
26395,310166.7813,-2.9661,0,29.9585,0,62.5859,128,48.9029,0
26396,301542.3438,-2.8767,0,29.9583,0,62.5864,128,48.7208,0
26397,294003.875,-2.8263,0,29.9581,0,62.5862,128,48.5102,0
26398,285108.75,-2.8425,0,29.9583,0,62.5861,128,48.3469,0
26399,278272.3438,-2.7697,0,29.9577,0,62.586,128,48.1592,0
26400,270097.7188,-2.741,0,29.958,0,62.5859,0,48.003,0
26401,263276.6875,-2.7544,0,29.9579,0,62.5862,0,47.9964,0
26402,254793.1719,-2.7709,0,29.9582,0,62.5867,0,47.9966,0
26403,249110.3438,-2.7141,0,29.9583,0,62.5863,0,47.9968,0
26404,242497.2656,-2.6842,0,29.9585,0,62.5861,0,47.9966,0
26405,235928.5781,-2.6816,0,29.9582,0,62.5864,0,47.9964,0
32424,19120000.0,-0.0057,0,29.9585,0,62.5865,0,48.346,0
32425,19070000.0,-0.011,0,29.9585,0,62.5867,0,48.346,0
32426,19060000.0,-0.0053,0,29.958,0,62.5862,0,48.3456,0
32427,19060000.0,-0.0005,0,29.9584,0,62.5866,0,48.3455,0
32428,19080000.0,0.0051,0,29.9581,0,62.5865,0,48.3457,0
32429,19080000.0,0.0163,0,29.9585,0,62.5869,0,48.3455,0
32430,19080000.0,-0.0248,0,29.9582,0,62.5863,0,48.3456,0
32431,19080000.0,-0.0435,0,29.9583,0,62.587,0,48.3458,0
32432,19060000.0,-0.0498,0,29.9584,0,62.5869,0,48.3456,0
32433,19040000.0,-0.0568,0,29.9577,0,62.5866,0,48.3452,0
32434,19030000.0,-0.0238,0,29.9583,0,62.5867,0,48.3455,0
32435,19030000.0,-0.0007,0,29.9581,0,62.586,0,48.3455,0
32436,19020000.0,0.0099,0,29.9581,0,62.5861,0,48.3458,0
32437,19070000.0,0.0413,0,29.9584,0,62.5868,0,48.3454,0
32438,19060000.0,0.0615,0,29.9583,0,62.5867,0,48.3457,0
32439,19080000.0,0.0572,0,29.9579,0,62.5868,0,48.3451,0
32440,19090000.0,0.0385,0,29.9581,0,62.587,0,48.3456,0
32441,19080000.0,0.0052,0,29.9579,0,62.5869,0,48.3452,0
32442,19040000.0,-0.0257,0,29.958,0,62.5868,0,48.3452,0
32443,19030000.0,-0.0305,0,29.958,0,62.5867,0,48.346,0
32444,19030000.0,0.0203,0,29.9575,0,62.5859,0,48.3453,0
32445,19080000.0,0.0543,0,29.9573,0,62.5863,0,48.3453,0
32446,19080000.0,0.068,0,29.958,0,62.5861,0,48.345,0
32447,19070000.0,0.0094,0,29.9576,0,62.5862,0,48.3451,0
32448,19060000.0,0.0105,0,29.958,0,62.5871,0,48.3455,0
32449,19050000.0,0.0343,0,29.958,0,62.5863,0,48.3453,0
32450,19080000.0,0.0275,0,29.9585,0,62.5862,0,48.3453,0
32451,19090000.0,0.0157,0,29.9578,0,62.5869,0,48.3456,0
32452,19080000.0,0.0439,0,29.958,0,62.5869,0,48.3453,0
32453,19110000.0,0.093,0,29.9582,0,62.5863,0,48.3458,0
32454,19110000.0,0.0968,0,29.958,0,62.5865,0,48.3457,0
32455,19110000.0,0.0581,0,29.9579,0,62.5864,0,48.3453,0
32456,19100000.0,0.0239,0,29.9581,0,62.5862,0,48.3451,0
32457,19110000.0,0.0405,0,29.958,0,62.5865,0,48.3451,0
32458,19110000.0,0.0282,0,29.9579,0,62.5864,0,48.345,0
32459,19060000.0,-0.0252,0,29.9584,0,62.5857,0,48.3446,0
32460,19060000.0,-0.0268,0,29.9581,0,62.5865,0,48.3451,0
32461,19070000.0,0.0009,0,29.958,0,62.5866,0,48.3454,0
32462,19070000.0,0.0241,0,29.9581,0,62.5866,0,48.3455,0
32463,19060000.0,-0.0206,0,29.9583,0,62.5862,0,48.3451,0
32464,19060000.0,-0.0147,0,29.9582,0,62.5867,0,48.3455,0
32465,19060000.0,0.0053,0,29.9575,0,62.5865,0,48.3449,0
32466,19060000.0,0.018,0,29.9577,0,62.5862,0,48.3451,0
32467,19040000.0,-0.0161,0,29.9582,0,62.586,0,48.3452,0
32468,19000000.0,-0.0247,0,29.9584,0,62.5862,0,48.3456,0
32469,19000000.0,-0.0293,0,29.9585,0,62.5862,0,48.3457,0
32470,19000000.0,-0.0291,0,29.9587,0,62.5864,0,48.3455,0
32471,19010000.0,-0.0019,0,29.9588,0,62.5863,0,48.3456,0
32472,19010000.0,0.0071,0,29.9583,0,62.587,0,48.3461,0
32473,19050000.0,0.0565,0,29.9582,0,62.5862,0,48.3454,0
32474,19070000.0,0.0755,0,29.9576,0,62.5865,0,48.3456,0
32475,19060000.0,0.0631,0,29.9579,0,62.5867,0,48.3454,0
32476,19060000.0,0.0676,0,29.9584,0,62.587,0,48.3454,0
32477,19060000.0,0.0409,0,29.9578,0,62.5862,0,48.3456,0
32478,19070000.0,0.0272,0,29.9579,0,62.5862,0,48.3454,0
32479,19070000.0,0.0085,0,29.9576,0,62.5861,0,48.345,0
32480,19080000.0,0.0301,0,29.9581,0,62.5865,0,48.3456,0
32481,19080000.0,0.0074,0,29.9577,0,62.5867,0,48.3454,0
32482,19080000.0,0.0346,0,29.9583,0,62.5864,0,48.3456,0
32483,19070000.0,0.0387,0,29.959,0,62.5873,0,48.3461,0
32484,19070000.0,0.0483,0,29.9581,0,62.586,0,48.3453,1
32485,19070000.0,-0.0108,0,29.958,0,62.5866,0,48.3456,0
32486,19060000.0,-0.0077,0,29.9579,0,62.5868,0,48.3452,0
32487,19060000.0,0.0493,0,29.9582,0,62.5862,0,48.3457,0
32488,19110000.0,0.0517,0,29.9578,0,62.5866,0,48.3453,0
32489,19110000.0,0.0481,0,29.9576,0,62.5863,0,48.3453,0
32490,19090000.0,0.0086,0,29.9582,0,62.5863,0,48.3452,0
32491,19080000.0,0.0224,0,29.9585,0,62.587,0,48.3456,0
32492,19120000.0,0.0491,0,29.9584,0,62.5873,0,48.346,0
32493,19110000.0,-1.5115,0,29.9586,0,62.5867,0,48.3457,0
32494,15070000.0,-3.3166,0,29.9579,0,62.5861,0,48.3454,0
32495,11320000.0,-3.3178,0,29.9579,0,62.5867,0,48.3453,0
32496,8338011.0,-3.3177,0,29.9573,0,62.5867,0,48.3452,0
32497,6396582.5,-3.3177,0,29.9581,0,62.5861,0,48.3452,0
32498,4588872.5,-3.3184,0,29.9575,0,62.5864,0,48.345,0
32499,3737451.5,-3.318,0,29.9581,0,62.5864,0,48.3452,0
32500,3004028.5,-3.3188,0,29.9581,0,62.5864,0,48.3168,0
32501,2298522.5,-3.3188,0,29.9582,0,62.5866,0,48.2902,0
32502,1928132.75,-3.3181,0,29.9587,0,62.5864,0,48.2903,0
32503,1584769.375,-3.3188,0,29.9583,0,62.5866,0,48.29,0
32504,1330330.125,-3.3192,0,29.9579,0,62.5871,0,48.2444,0
32505,1139647.875,-3.3193,0,29.9576,0,62.5861,0,48.2202,0
32506,992810.1875,-3.3198,0,29.9579,0,62.586,0,48.2198,0
32507,875791.4375,-3.3195,0,29.9577,0,62.5864,0,48.2201,0
32508,784564.6875,-3.3197,0,29.9579,0,62.5866,0,48.1614,0
32509,715598.1875,-3.3195,0,29.9578,0,62.5861,0,48.1553,0
32510,661851.75,-3.3201,0,29.958,0,62.5865,0,48.1555,0
32511,610280.6875,-3.3201,0,29.9578,0,62.5874,0,48.1553,0
32512,569872.8125,-3.3196,0,29.9589,0,62.5866,0,48.1559,0
32513,543924.5,-3.3195,0,29.9584,0,62.5865,0,48.1561,0
32514,511144.4688,-3.3195,0,29.958,0,62.5869,0,48.1557,0
32515,488117.3438,-3.3182,0,29.9585,0,62.5863,0,48.1553,0
32516,462784.875,-3.3186,0,29.9577,0,62.5863,0,48.1554,0
32517,444940.4063,-3.3195,0,29.9575,0,62.5861,0,48.1553,0
32518,425541.8125,-3.3202,0,29.9578,0,62.5866,0,48.1548,0
32519,410794.3438,-3.3196,0,29.958,0,62.5863,0,48.1558,0
32520,394194.25,-3.3194,0,29.9575,0,62.5861,0,48.1551,0
32521,381635.6563,-3.3181,0,29.9582,0,62.586,0,48.1557,0
32522,366376.2188,-3.3186,0,29.9581,0,62.586,0,48.1554,0
32523,355304.1563,-3.3185,0,29.9581,0,62.5864,0,48.1558,0
32524,343039.3125,-3.3181,0,29.9588,0,62.5869,0,48.1558,0
32525,333748.0938,-3.3174,0,29.9589,0,62.5867,0,48.1561,0
32526,322107.9375,-3.3186,0,29.9584,0,62.5863,0,48.1557,0
32527,313433.125,-3.3184,0,29.958,0,62.5867,0,48.1559,0
32528,301928.7188,-3.3155,0,29.958,0,62.5864,0,48.1554,0
32529,294439.1563,-3.2234,0,29.958,0,62.5868,0,48.1556,0
32530,284531.375,-3.1539,0,29.9583,0,62.587,0,48.1556,0
32531,277377.0625,-3.0518,0,29.9584,0,62.5864,0,48.1557,0
32532,268382.4375,-3.0391,0,29.9584,0,62.5864,0,48.1557,0
32533,259875.9375,-2.9611,0,29.9582,0,62.5866,0,48.1555,0
32534,254053.9375,-2.91,0,29.958,0,62.5865,0,48.1552,0
32535,246465.25,-2.8961,0,29.9582,0,62.5862,0,48.1554,0
32536,239359.6719,-2.8504,0,29.9579,0,62.5866,0,48.1556,0
32537,233301.125,-2.8219,0,29.9577,0,62.5868,0,48.1555,0
32538,227357.8594,-2.7987,0,29.9579,0,62.5867,0,48.1554,0
32539,221230.8281,-2.6816,0,29.9577,0,62.5868,0,48.1549,0
32540,216684.9063,-2.6083,0,29.9576,0,62.5865,0,48.0899,0
32541,210146.9688,-2.5761,0,29.9585,0,62.5865,0,48.0859,0
32542,205948.6094,-2.5408,0,29.9584,0,62.5869,0,48.0861,0
32543,200445.5781,-2.4828,0,29.9585,0,62.5862,0,48.0857,0
37129,4099908.25,-0.0246,0,29.7942,0,62.5869,0,48.0248,0
37130,4099987.0,-0.0452,0,29.7946,0,62.5867,0,48.0245,0
37131,4098766.0,-0.0655,0,29.7945,0,62.5866,0,48.0242,0
37132,4089820.25,-0.0446,0,29.7941,0,62.5867,0,48.0242,0
37133,4095858.75,-0.0144,8,29.7915,0,62.5866,0,48.0251,0
37134,4089197.25,-0.0272,0,29.6275,0,62.5871,0,48.0247,0
37135,4091729.25,-0.0504,0,29.627,0,62.5868,0,48.0241,0
37136,4083303.25,-0.0783,0,29.6269,0,62.5865,0,48.0243,0
37137,4080334.0,-0.0634,0,29.6268,0,62.5868,0,48.0245,0
37138,4076751.5,-0.0347,0,29.6264,0,62.5861,0,48.0245,0
37139,4077339.25,-0.0061,0,29.6262,0,62.5867,0,48.0241,0
37140,4075017.5,-0.0159,0,29.6262,0,62.5867,0,48.0241,0
37141,4077232.75,-9.16e-05,0,29.6262,0,62.586,0,48.0241,0
37142,4079259.0,0.0097,0,29.6264,0,62.5862,0,48.0241,0
37143,4077529.5,-0.0472,0,29.6265,0,62.5864,0,48.0243,0
37144,4070009.5,-0.0326,0,29.6264,0,62.5864,0,48.0244,0
37145,4080266.75,-0.0045,0,29.6265,0,62.5863,0,48.0244,0
37146,4075274.75,-0.0275,0,29.6264,0,62.5865,0,48.024,0
37147,4068205.5,-0.0499,0,29.626,0,62.5861,0,48.0235,0
37148,4064566.75,-0.051,0,29.6261,0,62.5862,0,48.0245,0
37149,4057048.5,-0.0554,0,29.6268,0,62.5863,0,48.0243,0
37150,4061098.5,-0.0202,0,29.6263,0,62.5866,0,48.0242,0
37151,4058869.75,-0.0219,0,29.6264,0,62.5865,0,48.0243,0
37152,4052891.25,-0.0325,0,29.6264,0,62.5862,0,48.0244,0
37153,4056196.75,-0.0394,0,29.6269,0,62.5863,0,48.0249,0
37154,4049171.75,-0.0659,0,29.6266,0,62.5865,0,48.0244,0
37155,4047566.0,-0.0341,0,29.6259,0,62.5866,0,48.0241,0
37156,4048199.5,-0.0272,0,29.6264,0,62.5859,0,48.0241,0
37157,4048816.25,-0.0235,0,29.6264,0,62.5866,0,48.0239,0
37158,4043562.75,-0.0305,0,29.6262,0,62.5864,0,48.0242,0
37159,4042580.75,-0.0336,0,29.6265,0,62.5862,0,48.0243,0
37160,4032938.25,-0.0624,0,29.6262,0,62.5868,0,48.0248,0
37161,4032495.5,-0.0751,0,29.6268,0,62.5871,0,48.0247,0
37162,4029751.5,-0.05,0,29.6265,0,62.5863,0,48.0243,0
37163,4032202.25,-0.0179,0,29.6271,0,62.5874,0,48.0251,0
37164,4031637.75,-0.0044,0,29.6269,0,62.5869,0,48.0252,0
37165,4033276.0,0.0067,0,29.6264,0,62.5864,0,48.0242,0
37166,4033353.5,-0.0125,0,29.6269,0,62.5859,0,48.024,0
37167,4031637.75,-0.022,0,29.7547,0,62.5864,0,48.0243,0
37168,4021960.75,-0.0313,0,29.7722,0,62.5865,0,48.0246,0
37169,4024649.75,-0.0207,0,29.7723,0,62.5869,0,48.0245,0
37170,4024649.75,-0.0289,0,29.7731,0,62.5866,0,48.0245,0
37171,4024920.5,-0.0396,0,29.7729,0,62.5871,0,48.0249,0
37172,4013865.75,-0.0436,0,29.773,0,62.5866,0,48.0249,0
37173,4014229.25,-0.0356,0,29.7728,0,62.5874,0,48.0252,0
37174,4013072.5,-0.0352,0,29.7734,0,62.5871,0,48.0245,0
37175,4013160.5,-0.021,0,29.7728,0,62.587,0,48.0246,0
37176,4012549.25,-0.0372,0,29.7725,0,62.5862,0,48.0248,0
37177,4009741.75,-0.0501,0,29.7722,0,62.5865,0,48.0245,0
37178,4003236.75,-0.0595,0,29.7721,0,62.5864,0,48.024,0
37179,4003582.75,-0.0591,0,29.7723,0,62.5864,0,48.0245,0
37180,3988424.25,-0.0643,0,29.7721,0,62.5869,0,48.0243,0
37181,3987855.0,-0.0565,0,29.7719,0,62.5863,0,48.0242,0
37182,3987586.75,-0.0702,0,29.7725,0,62.5862,0,48.0244,0
37183,3988725.25,-0.0227,0,29.772,0,62.5858,0,48.0247,0
37184,3988391.5,-0.0364,0,29.7725,0,62.5862,0,48.0243,0
37185,3979031.25,-0.0557,0,29.7722,0,62.5863,0,48.0247,0
37186,3980593.25,-0.0711,0,29.7724,0,62.5858,0,48.0243,0
37187,3978539.75,-0.0586,0,29.7727,0,62.587,0,48.0249,0
37188,3978725.25,-0.0305,0,29.7723,0,62.5862,0,48.0245,0
37189,3975663.25,-0.0311,0,29.7725,0,62.5864,0,48.0246,1
37190,3972412.5,-0.0355,0,29.7732,0,62.587,0,48.0245,0
37191,3969208.0,-0.0502,0,29.7727,0,62.5873,0,48.025,0
37192,3962567.5,-0.0994,0,29.7729,0,62.5871,0,48.0246,0
37193,3952172.25,-0.0837,0,29.7724,0,62.5868,0,48.0244,0
37194,3954038.5,-0.0632,0,29.7724,0,62.5869,0,48.0247,0
37195,3954917.75,-0.0375,0,29.7724,0,62.5864,0,48.0246,0
37196,3951852.0,-0.0209,0,29.7721,0,62.5866,0,48.0245,0
37197,3942750.75,-0.1358,0,29.7717,0,62.5859,0,48.0239,0
37198,3459111.0,-3.314,0,29.7722,0,62.5867,0,48.0245,0
37199,2568539.25,-3.3177,0,29.7729,0,62.5866,0,48.0246,0
37200,1905741.5,-3.318,0,29.7724,0,62.5873,0,48.0251,0
37201,1465134.75,-3.3183,0,29.7725,0,62.587,0,48.025,0
37202,1081497.625,-3.3178,0,29.7729,0,62.5867,0,48.0248,0
37203,854695.3125,-3.3179,0,29.772,0,62.5869,0,48.024,0
37204,673070.4375,-3.3176,0,29.772,0,62.5863,0,48.0243,0
37205,539318.75,-3.3172,0,29.7716,0,62.5859,0,48.0237,0
37206,429316.7188,-3.3172,0,29.772,0,62.5865,0,48.0239,0
37207,358407.2813,-3.3179,0,29.7724,0,62.5862,0,48.0239,0
37208,303504.1563,-3.3191,0,29.7719,0,62.5863,0,48.0239,0
37209,261727.1875,-3.3184,0,29.7724,0,62.5869,0,48.0246,0
37210,231090.4844,-3.3187,0,29.7726,0,62.5863,0,48.0245,0
37211,206187.8594,-3.3193,0,29.7719,0,62.5862,0,48.0242,0
37212,183883.9844,-3.3201,0,29.7721,0,62.5864,0,48.0245,0
37213,168532.0156,-3.3178,0,29.7721,0,62.5868,0,48.0246,0
37214,157771.3281,-3.3176,0,29.7724,0,62.5866,0,48.0248,0
37215,146896.7656,-3.3187,0,29.7726,0,62.5864,0,48.0249,0
37216,138577.3281,-3.319,0,29.7728,0,62.5867,0,48.0248,0
37217,131653.7969,-3.319,0,29.7726,0,62.5865,0,48.0247,0
37218,124393.6484,-3.3194,0,29.7725,0,62.5866,0,48.0249,0
37219,119183.5859,-3.3194,0,29.7722,0,62.5865,0,48.0242,0
37220,114773.4063,-3.3195,0,29.7719,0,62.5865,0,48.0244,0
37221,110037.3828,-3.3193,0,29.7724,0,62.5863,0,48.0244,0
37222,106331.8906,-3.3195,0,29.7723,0,62.5867,0,48.0244,0
37223,102247.4219,-3.3192,0,29.7725,0,62.5865,0,48.0249,0
37224,99151.7422,-3.3177,0,29.7725,0,62.587,0,48.025,0
37225,96033.5938,-3.3184,0,29.7731,0,62.5874,0,48.0242,0
37226,92814.5781,-3.3185,0,29.7723,0,62.5867,0,48.0246,0
37227,89834.1797,-3.3185,0,29.7725,0,62.5868,0,48.0245,0
37228,87069.1484,-3.3187,0,29.7718,0,62.5864,0,48.0245,0
37229,84437.875,-3.3187,0,29.7722,0,62.5863,0,48.0249,0
37230,82077.2813,-3.2492,0,29.7722,0,62.5862,0,48.0241,0
37231,79804.3672,-3.1292,0,29.7721,0,62.5864,0,48.0242,0
37232,77321.8203,-3.0258,0,29.7722,0,62.5865,0,48.0242,0
37233,75408.4609,-2.9755,0,29.7722,0,62.5868,0,48.0245,0
37234,73295.9766,-2.9453,0,29.7721,0,62.5858,0,48.0247,0
37235,71317.4063,-2.867,0,29.7723,0,62.5865,0,48.0241,0
37236,69504.5313,-2.8163,0,29.7723,0,62.5864,0,48.0246,0
37237,67503.5,-2.8131,0,29.7722,0,62.5867,0,48.0245,0
37238,65777.0938,-2.7564,0,29.7723,0,62.5863,0,48.0241,0
37239,63956.8906,-2.7395,0,29.7721,0,62.5866,0,48.0245,0
37240,62594.9844,-2.6735,0,29.7722,0,62.5864,0,48.0248,0
37241,60693.8359,-2.6831,0,29.7727,0,62.5861,0,48.0244,0
37242,59319.8633,-2.6913,0,29.7722,0,62.5869,0,48.0243,0
37243,57429.6875,-2.675,0,29.7727,0,62.5865,0,48.0242,0
37244,55939.3438,-2.6467,0,29.9261,0,62.5867,0,48.0247,0
37245,54568.7305,-2.6261,0,29.9283,0,62.5867,0,48.0247,0
37246,53072.375,-2.6202,0,29.9283,0,62.5869,0,48.0252,0
37247,51812.9492,-2.6133,0,29.9284,0,62.5866,0,48.0251,0
37248,50470.5859,-2.6229,0,29.9278,0,62.5867,0,48.0245,0
89758,34070000.0,0.035,0,29.7283,0,62.5874,0,48.0249,0
89759,34060000.0,0.0295,0,29.7284,0,62.5868,0,48.0247,0
89760,34020000.0,0.007,0,29.7281,0,62.5868,0,48.0245,0
89761,33980000.0,0.0212,0,29.7281,0,62.5865,0,48.0249,0
89762,34040000.0,0.0164,0,29.7283,0,62.5864,0,48.0246,0
89763,34040000.0,-0.0113,0,29.728,0,62.5865,0,48.0246,0
89764,33970000.0,-0.0137,0,29.7276,0,62.5865,0,48.0245,0
89765,33980000.0,0.0041,0,29.7275,0,62.5866,0,48.0243,0
89766,34010000.0,0.0285,0,29.7277,0,62.5867,0,48.0246,0
89767,34010000.0,-0.0143,0,29.7274,0,62.5865,0,48.0244,0
89768,33970000.0,0.0114,0,29.7275,0,62.5862,0,48.0241,0
89769,33960000.0,0.0267,0,29.7277,0,62.586,0,48.0243,0
89770,33960000.0,0.0155,0,29.7274,0,62.5861,0,48.024,0
89771,34010000.0,0.0306,0,29.7274,0,62.5862,0,48.024,0
89772,33960000.0,0.0075,0,29.7275,0,62.5865,0,48.0241,0
89773,33950000.0,0.0004,0,29.7273,0,62.5861,0,48.0237,0
89774,33960000.0,0.0039,0,29.7273,0,62.5857,0,48.0236,0
89775,33980000.0,0.0098,0,29.7275,0,62.5861,0,48.0243,0
89776,34010000.0,0.0322,0,29.7272,0,62.5865,0,48.0242,0
89777,34010000.0,0.0009,0,29.7277,0,62.5863,0,48.0242,0
89778,33990000.0,0.0018,0,29.7284,0,62.5864,0,48.0244,0
89779,33970000.0,-0.0226,0,29.7279,0,62.5864,0,48.0246,0
89780,33960000.0,-0.0203,0,29.7276,0,62.5864,0,48.0241,0
89781,33920000.0,0.0061,0,29.7279,0,62.5869,0,48.0246,0
89782,33960000.0,0.0355,0,29.7282,0,62.5864,0,48.0242,0
89783,33960000.0,0.0351,0,29.7281,0,62.5864,0,48.0244,0
89784,33950000.0,0.0146,0,29.7279,0,62.5865,0,48.0246,0
89785,33970000.0,0.0134,0,29.7282,0,62.5865,0,48.0247,0
89786,33980000.0,0.0291,0,29.7278,0,62.5862,0,48.0247,0
89787,34000000.0,0.0296,0,29.7283,0,62.5873,0,48.0246,0
89788,34060000.0,0.0904,0,29.7286,0,62.5867,0,48.0247,0
89789,34070000.0,0.0285,0,29.7278,0,62.5867,0,48.0241,0
89790,34040000.0,0.052,0,29.7276,0,62.5868,0,48.0242,0
89791,34050000.0,0.0297,0,29.728,0,62.5863,0,48.0242,0
89792,34030000.0,0.0322,0,29.7272,0,62.5861,0,48.0242,0
89793,33970000.0,0.012,0,29.7272,0,62.5865,0,48.0241,0
89794,34040000.0,0.0218,0,29.7274,0,62.5867,0,48.0243,0
89795,34060000.0,0.0473,0,29.7276,0,62.5868,0,48.0245,0
89796,34060000.0,-0.0003,0,29.7277,0,62.5865,0,48.0245,0
89797,34000000.0,-0.0042,0,29.7281,0,62.5866,0,48.0244,0
89798,34010000.0,0.0042,0,29.7281,0,62.5866,0,48.0243,0
89799,33970000.0,-0.0079,0,29.7279,0,62.5865,0,48.0243,0
89800,33980000.0,0.0371,0,29.7278,0,62.5865,0,48.0245,0
89801,34040000.0,0.0437,0,29.728,0,62.5863,0,48.024,0
89802,33960000.0,-0.0123,0,29.7274,0,62.5863,0,48.0244,0
89803,33950000.0,-0.0241,0,29.7276,0,62.5861,0,48.0239,0
89804,33980000.0,-0.0324,0,29.7278,0,62.5862,0,48.0242,0
89805,33910000.0,-0.0516,0,29.7279,0,62.5864,0,48.0242,0
89806,33950000.0,0.0105,0,29.7277,0,62.5867,0,48.0245,0
89807,34000000.0,0.0201,0,29.7275,0,62.5867,0,48.0246,0
89808,33990000.0,0.0477,0,29.7284,0,62.5865,0,48.0248,0
89809,34000000.0,0.0627,0,29.7281,0,62.5864,0,48.0242,0
89810,34060000.0,0.0496,0,29.7277,0,62.5866,0,48.024,0
89811,33980000.0,0.0251,0,29.7274,0,62.5861,0,48.0242,0
89812,33960000.0,0.0172,0,29.7277,0,62.5865,0,48.0242,0
89813,33960000.0,-0.0197,0,29.7279,0,62.587,0,48.0245,0
89814,33960000.0,-0.0163,0,29.7283,0,62.587,0,48.0252,0
89815,33960000.0,0.0237,0,29.7279,0,62.5872,0,48.0244,0
89816,33960000.0,0.031,0,29.7276,0,62.5864,0,48.0243,0
89817,34030000.0,0.0514,0,29.7275,0,62.5861,0,48.0242,0
89818,33960000.0,0.0416,0,29.7274,0,62.5857,0,48.024,1
89819,34010000.0,0.0498,0,29.7274,0,62.5863,0,48.0245,0
89820,34060000.0,0.0255,0,29.7282,0,62.5867,0,48.0241,0
89821,33990000.0,0.0266,0,29.7285,0,62.5875,0,48.0254,0
89822,34080000.0,0.0435,0,29.728,0,62.5861,0,48.0249,0
89823,34090000.0,0.0349,0,29.7278,0,62.5865,0,48.0243,0
89824,34090000.0,0.0228,0,29.7274,0,62.5858,0,48.0242,0
89825,34080000.0,0.0268,0,29.7273,0,62.5863,0,48.0245,0
89826,34050000.0,0.0627,0,29.7279,0,62.5868,0,48.0245,0
89827,33830000.0,-3.2347,0,29.7278,0,62.5865,0,48.0244,0
89828,25850000.0,-3.3175,0,29.7284,0,62.5866,0,48.0247,0
89829,19110000.0,-3.3187,0,29.7279,0,62.5865,0,48.0247,0
89830,14290000.0,-3.3184,0,29.728,0,62.5863,0,48.0244,0
89831,10520000.0,-3.3198,0,29.7278,0,62.5861,0,48.024,0
89832,8077103.5,-3.3199,0,29.7278,0,62.5863,0,48.0247,0
89833,6305056.0,-3.3192,0,29.7281,0,62.586,0,48.0244,0
89834,4973522.5,-3.3191,0,29.728,0,62.587,0,48.0245,0
89835,4059555.0,-3.3178,0,29.7278,0,62.5863,0,48.0244,0
89836,3134827.75,-3.3175,0,29.728,0,62.5866,0,48.024,0
89837,2676946.75,-3.3174,0,29.7274,0,62.5865,0,48.0242,0
89838,2256411.0,-3.3181,0,29.7274,0,62.5859,0,48.0242,0
89839,1866812.25,-3.3175,0,29.7277,0,62.5866,0,48.0244,0
89840,1678060.0,-3.317,0,29.728,0,62.5872,0,48.0248,0
89841,1482119.375,-3.3174,0,29.7281,0,62.5868,0,48.0247,0
89842,1333774.375,-3.3189,0,29.7278,0,62.5873,0,48.0247,0
89843,1224347.125,-3.3184,0,29.7275,0,62.5865,0,48.024,0
89844,1124965.625,-3.3194,0,29.7275,0,62.5873,0,48.0242,0
89845,1038190.562,-3.3195,0,29.7274,0,62.5867,0,48.0247,0
89846,971411.8125,-3.3193,0,29.728,0,62.5865,0,48.0246,0
89847,923827.875,-3.318,0,29.7279,0,62.5867,0,48.0249,0
89848,865278.8125,-3.317,0,29.7282,0,62.5864,0,48.0249,0
89849,828009.875,-3.319,0,29.7278,0,62.5868,0,48.0244,0
89850,791538.5625,-3.3182,0,29.7275,0,62.5868,0,48.0244,0
89851,757984.375,-3.3169,0,29.7281,0,62.5864,0,48.0249,0
89852,729756.1875,-3.3172,0,29.7273,0,62.5864,0,48.0242,0
89853,702134.875,-3.3175,0,29.7277,0,62.5863,0,48.0245,0
89854,672926.3125,-3.3189,0,29.7277,0,62.5863,0,48.0238,0
89855,648541.9375,-3.3199,0,29.727,0,62.5866,0,48.024,0
89856,628171.4375,-3.3191,0,29.728,0,62.5865,0,48.0245,0
89857,604761.8125,-3.3187,0,29.728,0,62.5862,0,48.024,0
89858,586854.375,-3.3182,0,29.7281,0,62.5868,0,48.0243,0
89859,567950.5,-3.3176,0,29.7279,0,62.5864,0,48.0243,0
89860,545603.0,-3.3189,0,29.728,0,62.5868,0,48.0243,0
89861,528272.125,-3.3174,0,29.7279,0,62.587,0,48.0247,0
89862,515724.7188,-3.3166,0,29.7277,0,62.5866,0,48.0244,0
89863,501272.4375,-3.2553,0,29.7279,0,62.5863,0,48.0246,0
89864,485532.3125,-3.1851,0,29.7284,0,62.5868,0,48.0247,0
89865,469761.9688,-3.1373,0,29.7274,0,62.5866,0,48.024,0
89866,455373.0,-3.0579,0,29.7277,0,62.5864,0,48.0247,0
89867,444721.8438,-3.0104,0,29.7275,0,62.5869,0,48.0245,0
89868,431700.2188,-2.9422,0,29.7275,0,62.5866,0,48.0241,0
89869,418659.75,-2.8706,0,29.7278,0,62.5868,0,48.0242,0
89870,408866.75,-2.8286,0,29.7273,0,62.5862,0,48.0241,0
89871,397496.8125,-2.8336,0,29.7279,0,62.5866,0,48.0242,0
89872,387536.625,-2.8042,0,29.7284,0,62.5864,0,48.0244,0
89873,377420.7188,-2.7392,0,29.7281,0,62.5874,0,48.0245,0
89874,367663.2188,-2.7271,0,29.7284,0,62.5867,0,48.0244,0
89875,357541.625,-2.7138,0,29.7282,0,62.587,0,48.0249,0
89876,347715.8438,-2.666,0,29.7276,0,62.5866,0,48.024,0
89877,338525.5313,-2.6801,0,29.7278,0,62.5867,0,48.0243,0
93318,34260000.0,0.0343,0,29.7269,0,62.5862,0,48.0239,0
93319,34280000.0,-0.0227,0,29.7272,0,62.5864,0,48.0239,0
93320,34290000.0,-0.0168,0,29.7276,0,62.587,0,48.0243,0
93321,34200000.0,-0.0313,0,29.7274,0,62.5862,0,48.0245,0
93322,34200000.0,-0.0084,0,29.7285,0,62.5868,0,48.0248,0
93323,34190000.0,-0.0073,0,29.7281,0,62.5864,0,48.0244,0
93324,34260000.0,0.0509,0,29.7278,0,62.5866,0,48.0247,0
93325,34290000.0,0.0692,0,29.7281,0,62.5865,0,48.0248,0
93326,34290000.0,0.048,0,29.7284,0,62.5867,0,48.0251,0
93327,34290000.0,0.0389,0,29.7277,0,62.5872,0,48.0246,0
93328,34270000.0,0.0033,0,29.7277,0,62.5867,0,48.0251,0
93329,34260000.0,-0.0171,0,29.7278,0,62.5868,0,48.0248,0
93330,34150000.0,-0.0036,0,29.728,0,62.5872,0,48.0247,0
93331,34190000.0,0.005,0,29.7283,0,62.5868,0,48.025,0
93332,34250000.0,0.0235,0,29.7285,0,62.5869,0,48.0252,0
93333,34260000.0,0.0226,0,29.7279,0,62.5863,0,48.0241,0
93334,34290000.0,0.0188,0,29.7278,0,62.5865,0,48.0245,0
93335,34250000.0,-0.0102,0,29.7276,0,62.5866,0,48.024,0
93336,34200000.0,-1.19e-05,0,29.7278,0,62.5861,0,48.0247,0
93337,34170000.0,0.003,0,29.7279,0,62.5871,0,48.0248,0
93338,34190000.0,0.0149,0,29.728,0,62.5866,0,48.0241,0
93339,34280000.0,0.039,0,29.728,0,62.587,0,48.0248,0
93340,34290000.0,0.0162,0,29.7278,0,62.587,0,48.0247,0
93341,34240000.0,0.0164,0,29.7276,0,62.5864,0,48.0246,0
93342,34190000.0,-0.0025,0,29.7277,0,62.5864,0,48.0247,0
93343,34200000.0,-0.0414,0,29.7279,0,62.5866,0,48.0244,0
93344,34170000.0,0.0124,0,29.7278,0,62.5866,0,48.0246,0
93345,34260000.0,0.0382,0,29.7282,0,62.5869,0,48.0242,0
93346,34230000.0,0.0476,0,29.7276,0,62.5871,0,48.0243,0
93347,34250000.0,0.0405,0,29.7275,0,62.5868,0,48.0244,0
93348,34200000.0,-0.0037,0,29.7274,0,62.5871,0,48.0246,0
93349,34170000.0,0.0081,0,29.7276,0,62.5868,0,48.0245,0
93350,34180000.0,0.0046,0,29.7272,0,62.5864,0,48.0245,0
93351,34220000.0,0.0208,0,29.7276,0,62.5861,0,48.0246,0
93352,34160000.0,0.0098,0,29.7272,0,62.5863,0,48.0241,0
93353,34160000.0,0.0024,0,29.7272,0,62.5862,0,48.0241,0
93354,34150000.0,-0.0071,0,29.7275,0,62.5866,0,48.0242,0
93355,34120000.0,-0.0356,0,29.7273,0,62.5863,0,48.0238,0
93356,34100000.0,-0.0543,0,29.7271,0,62.5861,0,48.0241,0
93357,34070000.0,-0.0506,0,29.7272,0,62.586,0,48.024,0
93358,34060000.0,-0.0257,0,29.7273,0,62.5862,0,48.0245,0
93359,34060000.0,-0.0488,0,29.727,0,62.5869,0,48.0243,0
93360,34070000.0,-0.0126,0,29.7275,0,62.5863,0,48.0244,0
93361,34070000.0,0.0009,0,29.7276,0,62.587,0,48.0243,0
93362,33980000.0,-0.0268,0,29.7278,0,62.587,0,48.0248,0
93363,33950000.0,-0.0194,0,29.7281,0,62.5868,0,48.0249,0
93364,33940000.0,-0.0103,0,29.7279,0,62.5868,0,48.0246,0
93365,33960000.0,-0.0235,0,29.7284,0,62.5871,0,48.0249,0
93366,33950000.0,-0.025,0,29.728,0,62.5866,0,48.025,0
93367,33940000.0,-0.0187,0,29.728,0,62.5864,0,48.0246,0
93368,33960000.0,-0.0108,0,29.7276,0,62.5865,0,48.0246,0
93369,33970000.0,0.0057,0,29.7273,0,62.5865,0,48.0245,0
93370,33940000.0,0.0421,0,29.7277,0,62.5861,0,48.0243,0
93371,34020000.0,0.0382,0,29.7276,0,62.5863,0,48.0243,0
93372,33950000.0,0.0091,0,29.7277,0,62.5861,0,48.0244,0
93373,33950000.0,-0.0337,0,29.7277,0,62.5871,0,48.0247,0
93374,33910000.0,-0.0262,0,29.7278,0,62.5865,0,48.0244,0
93375,33960000.0,-0.016,0,29.7277,0,62.5868,0,48.0251,0
93376,33890000.0,-0.0243,0,29.7275,0,62.5866,0,48.0246,0
93377,33880000.0,-0.0196,0,29.728,0,62.5866,0,48.0247,0
93378,33900000.0,-0.0039,0,29.7283,0,62.5869,0,48.0251,1
93379,33900000.0,-0.0046,0,29.7275,0,62.587,0,48.0247,0
93380,33900000.0,-0.0107,0,29.7273,0,62.5865,0,48.0242,0
93381,33880000.0,-0.0004,0,29.7278,0,62.5867,0,48.0242,0
93382,33890000.0,-0.0101,0,29.7272,0,62.5866,0,48.0243,0
93383,33890000.0,0.0341,0,29.7268,0,62.5862,0,48.0243,0
93384,33890000.0,0.0371,0,29.7275,0,62.5863,0,48.0246,0
93385,33890000.0,0.0348,0,29.7276,0,62.5859,0,48.0243,0
93386,33920000.0,0.0329,0,29.7273,0,62.5859,0,48.024,0
93387,33930000.0,-2.0361,0,29.7268,0,62.5865,0,48.024,0
93388,25810000.0,-3.3183,0,29.7269,0,62.5859,0,48.024,0
93389,19420000.0,-3.3192,0,29.7272,0,62.5859,0,48.0238,0
93390,14890000.0,-3.3201,0,29.7279,0,62.586,0,48.0244,0
93391,11390000.0,-3.3197,0,29.7273,0,62.5863,0,48.0247,0
93392,8136204.5,-3.3197,0,29.7277,0,62.5864,0,48.0241,0
93393,6237098.0,-3.3194,0,29.728,0,62.5865,0,48.0245,0
93394,5092597.5,-3.3195,0,29.7274,0,62.5867,0,48.0244,0
93395,4181713.0,-3.3187,0,29.7272,0,62.5863,0,48.0248,0
93396,3336580.5,-3.3186,0,29.7274,0,62.5866,0,48.0245,0
93397,2790266.5,-3.318,0,29.7275,0,62.5862,0,48.0244,0
93398,2350641.25,-3.3168,0,29.7275,0,62.5866,0,48.0243,0
93399,1993089.0,-3.3171,0,29.7278,0,62.5865,0,48.0242,0
93400,1732293.5,-3.3179,0,29.7276,0,62.5865,0,48.0247,0
93401,1520176.25,-3.3185,0,29.7275,0,62.5865,0,48.0246,0
93402,1360403.75,-3.3189,0,29.7275,0,62.587,0,48.0246,0
93403,1237636.375,-3.3171,0,29.7277,0,62.5873,0,48.025,0
93404,1135040.0,-3.3181,0,29.7281,0,62.5875,0,48.0247,0
93405,1060585.25,-3.3179,0,29.7281,0,62.5866,0,48.0246,0
93406,984621.0,-3.319,0,29.7279,0,62.5865,0,48.0247,0
93407,931850.3125,-3.3189,0,29.7276,0,62.5865,0,48.0245,0
93408,882093.125,-3.3196,0,29.7278,0,62.5871,0,48.0246,0
93409,837147.6875,-3.3197,0,29.7271,0,62.5865,0,48.0243,0
93410,797587.5,-3.3188,0,29.727,0,62.5865,0,48.0242,0
93411,765246.875,-3.3182,0,29.7278,0,62.5863,0,48.0245,0
93412,733182.5,-3.3176,0,29.7275,0,62.5863,0,48.0244,0
93413,699853.75,-3.3176,0,29.7276,0,62.5866,0,48.0248,0
93414,675386.5625,-3.3193,0,29.7277,0,62.5863,0,48.0248,0
93415,652624.1875,-3.3188,0,29.7276,0,62.5868,0,48.0248,0
93416,634000.4375,-3.318,0,29.7281,0,62.5869,0,48.0244,0
93417,612497.5625,-3.3175,0,29.7276,0,62.5869,0,48.0245,0
93418,593726.75,-3.3172,0,29.7273,0,62.5864,0,48.0243,0
93419,573825.25,-3.3168,0,29.7274,0,62.5862,0,48.0249,0
93420,554683.6875,-3.3171,0,29.7273,0,62.5866,0,48.0246,0
93421,536514.0625,-3.3179,0,29.7276,0,62.5865,0,48.0247,0
93422,518070.75,-3.3181,0,29.7274,0,62.5864,0,48.0246,0
93423,503806.4375,-3.3082,0,29.7277,0,62.5863,0,48.0243,0
93424,485402.4063,-3.171,0,29.7278,0,62.5866,0,48.0249,0
93425,475838.125,-3.0976,0,29.7274,0,62.5871,0,48.0243,0
93426,461921.25,-3.1119,0,29.7279,0,62.5866,0,48.0242,0
93427,446597.125,-3.0281,0,29.728,0,62.5871,0,48.0249,0
93428,435202.9063,-2.9943,0,29.7279,0,62.5866,0,48.0245,0
93429,422939.1875,-2.9441,0,29.7278,0,62.5863,0,48.0245,0
93430,408530.7813,-2.8681,0,29.7277,0,62.5862,0,48.0249,0
93431,399277.625,-2.8669,0,29.7274,0,62.5859,0,48.0241,0
93432,387624.9063,-2.8414,0,29.727,0,62.5857,0,48.0246,0
93433,377544.0313,-2.8357,0,29.7277,0,62.5863,0,48.0236,0
93434,366325.4375,-2.7748,0,29.7267,0,62.586,0,48.0235,0
93435,358227.3125,-2.7285,0,29.7265,0,62.5859,0,48.0239,0
93436,347800.3125,-2.7391,0,29.7264,0,62.5861,0,48.0239,0
93437,338400.125,-2.6763,0,29.7268,0,62.5862,0,48.0239,0
108239,32160000.0,-0.0018,0,29.7272,0,62.5863,0,48.0246,0
108240,32180000.0,0.0108,0,29.7274,0,62.5867,0,48.0241,0
108241,32120000.0,-0.0453,0,29.7277,0,62.5868,0,48.0242,0
108242,32090000.0,-0.0067,0,29.7278,0,62.5864,0,48.0244,0
108243,32160000.0,0.0316,0,29.7279,0,62.5871,0,48.0251,0
108244,32170000.0,0.0281,0,29.7277,0,62.5871,0,48.0249,0
108245,32130000.0,-0.0105,0,29.7273,0,62.5869,0,48.0245,0
108246,32180000.0,0.0163,0,29.7277,0,62.5871,0,48.025,0
108247,32110000.0,0.0205,0,29.7278,0,62.5864,0,48.0238,0
108248,32140000.0,0.015,0,29.7271,0,62.5861,0,48.0244,0
108249,32190000.0,0.0203,0,29.7268,0,62.5863,0,48.0241,0
108250,32170000.0,-0.0007,0,29.7267,0,62.5863,0,48.024,0
108251,32080000.0,-0.0236,0,29.7272,0,62.5861,0,48.0241,0
108252,32080000.0,-0.0002,0,29.7266,0,62.5863,0,48.0243,0
108253,32070000.0,-0.001,0,29.7271,0,62.5863,0,48.0244,0
108254,32050000.0,0.0007,0,29.7268,0,62.586,0,48.0238,0
108255,32060000.0,0.0144,0,29.727,0,62.5864,0,48.0242,0
108256,32050000.0,0.0377,0,29.727,0,62.5864,0,48.0239,0
108257,32150000.0,0.0378,0,29.7271,0,62.5864,0,48.0243,0
108258,32060000.0,0.0056,0,29.727,0,62.5863,0,48.0243,0
108259,32080000.0,0.0085,0,29.7275,0,62.5865,0,48.0246,0
108260,32080000.0,-0.012,0,29.7276,0,62.5867,0,48.0248,0
108261,32110000.0,-0.0088,0,29.7273,0,62.5867,0,48.0243,0
108262,32080000.0,0.0099,0,29.727,0,62.5861,0,48.0246,0
108263,32080000.0,0.0284,0,29.7274,0,62.5864,0,48.0244,0
108264,32070000.0,0.033,0,29.727,0,62.5864,0,48.0241,0
108265,32060000.0,0.0257,0,29.7267,0,62.5866,0,48.0239,0
108266,32060000.0,0.0157,0,29.7274,0,62.5863,0,48.0247,0
108267,32060000.0,0.0065,0,29.7274,0,62.5866,0,48.0243,0
108268,32070000.0,0.0295,0,29.7273,0,62.5867,0,48.0245,0
108269,32140000.0,0.0529,0,29.7275,0,62.5866,0,48.0244,0
108270,32130000.0,0.033,0,29.7277,0,62.5867,0,48.0249,0
108271,32120000.0,0.0354,0,29.7274,0,62.5869,0,48.0242,0
108272,32170000.0,0.04,0,29.7275,0,62.5867,0,48.0243,0
108273,32180000.0,0.0552,0,29.7275,0,62.5871,0,48.0251,0
108274,32160000.0,0.0882,0,29.7274,0,62.5864,0,48.0245,0
108275,32210000.0,0.0828,0,29.7275,0,62.5865,0,48.0241,0
108276,32220000.0,0.0766,0,29.7269,0,62.5866,0,48.0246,0
108277,32240000.0,0.0589,0,29.7269,0,62.586,0,48.024,0
108278,32240000.0,0.0461,0,29.7273,0,62.5858,0,48.0239,0
108279,32250000.0,0.0215,0,29.7274,0,62.586,0,48.0243,0
108280,32200000.0,0.006,0,29.7273,0,62.5866,0,48.0249,0
108281,32280000.0,0.0191,0,29.7273,0,62.5856,0,48.0243,0
108282,32250000.0,0.0371,0,29.7278,0,62.5867,0,48.0247,0
108283,32240000.0,0.022,0,29.7276,0,62.5871,0,48.0246,0
108284,32220000.0,0.0234,0,29.7275,0,62.5865,0,48.0245,0
108285,32190000.0,0.0009,0,29.727,0,62.5864,0,48.0241,0
108286,32240000.0,0.0436,0,29.7271,0,62.586,0,48.0242,0
108287,32250000.0,0.0116,0,29.7273,0,62.5865,0,48.0247,0
108288,32250000.0,0.0129,0,29.7277,0,62.5867,0,48.0244,0
108289,32190000.0,-0.0035,0,29.7277,0,62.5867,0,48.0243,0
108290,32190000.0,-0.0189,0,29.7277,0,62.5863,0,48.0242,0
108291,32200000.0,-0.0081,0,29.7268,0,62.586,0,48.0238,0
108292,32200000.0,0.0111,0,29.7268,0,62.5861,0,48.0245,0
108293,32160000.0,0.0216,0,29.727,0,62.586,0,48.0245,0
108294,32140000.0,0.0242,0,29.7273,0,62.5863,0,48.0242,0
108295,32140000.0,0.0276,0,29.7276,0,62.587,0,48.0253,0
108296,32140000.0,0.0072,0,29.728,0,62.5867,0,48.0247,0
108297,32160000.0,0.0025,0,29.7273,0,62.5864,0,48.0242,0
108298,32160000.0,-0.0248,0,29.7271,0,62.5871,0,48.0242,0
108299,32090000.0,-0.063,0,29.7269,0,62.5867,0,48.0242,1
108300,32100000.0,-0.0108,0,29.7273,0,62.587,0,48.0242,0
108301,32100000.0,-0.0124,0,29.7276,0,62.5866,0,48.0251,0
108302,32120000.0,-0.0022,0,29.7274,0,62.5868,0,48.0244,0
108303,32110000.0,-0.0129,0,29.7278,0,62.5871,0,48.0247,0
108304,32110000.0,-0.0105,0,29.7276,0,62.5865,0,48.0246,0
108305,32100000.0,0.0364,0,29.7276,0,62.5871,0,48.0238,0
108306,32060000.0,-0.0012,0,29.7271,0,62.5862,0,48.024,0
108307,32070000.0,-0.3486,0,29.7272,0,62.5865,0,48.0244,0
108308,28840000.0,-3.3138,0,29.7272,0,62.586,0,48.0244,0
108309,21270000.0,-3.3173,0,29.7279,0,62.5863,0,48.0247,0
108310,15950000.0,-3.3179,0,29.7277,0,62.5866,0,48.0253,0
108311,11050000.0,-3.3169,0,29.7274,0,62.5859,0,48.0248,0
108312,8717410.0,-3.3161,0,29.7275,0,62.5861,0,48.0245,0
108313,6780217.5,-3.3161,0,29.7269,0,62.5861,0,48.0244,0
108314,5287686.0,-3.3159,0,29.727,0,62.5863,0,48.0243,0
108315,4193730.75,-3.3183,0,29.7272,0,62.5865,0,48.0244,0
108316,3440607.75,-3.3185,0,29.7266,0,62.5856,0,48.024,0
108317,2809399.0,-3.3188,0,29.727,0,62.5861,0,48.0239,0
108318,2301271.75,-3.3182,0,29.7274,0,62.5864,0,48.0247,0
108319,1981505.5,-3.3179,0,29.727,0,62.5871,0,48.0241,0
108320,1713956.25,-3.3175,0,29.7278,0,62.5872,0,48.0246,0
108321,1494522.25,-3.3177,0,29.7271,0,62.5869,0,48.024,0
108322,1308836.875,-3.3177,0,29.7273,0,62.5866,0,48.0246,0
108323,1195365.125,-3.3163,0,29.7271,0,62.5865,0,48.0238,0
108324,1110111.25,-3.3169,0,29.7276,0,62.5871,0,48.0245,0
108325,1007205.687,-3.3162,0,29.7277,0,62.5865,0,48.0247,0
108326,939792.8125,-3.3163,0,29.727,0,62.5862,0,48.0244,0
108327,899323.0,-3.3167,0,29.7272,0,62.5865,0,48.024,0
108328,840483.9375,-3.317,0,29.7272,0,62.5865,0,48.0239,0
108329,807648.9375,-3.3169,0,29.7269,0,62.5868,0,48.0238,0
108330,769556.6875,-3.3168,0,29.7273,0,62.5865,0,48.0242,0
108331,735753.9375,-3.3177,0,29.7278,0,62.5864,0,48.0241,0
108332,697992.875,-3.3168,0,29.7277,0,62.5865,0,48.0245,0
108333,674243.6875,-3.3171,0,29.7281,0,62.5872,0,48.0243,0
108334,646530.75,-3.317,0,29.7275,0,62.5868,0,48.0245,0
108335,625713.125,-3.3165,0,29.7273,0,62.5862,0,48.0244,0
108336,599240.3125,-3.3162,0,29.7277,0,62.5867,0,48.0252,0
108337,576658.6875,-3.3179,0,29.7276,0,62.5865,0,48.0245,0
108338,563646.25,-3.3185,0,29.7274,0,62.5864,0,48.025,0
108339,544028.25,-3.3182,0,29.7273,0,62.5868,0,48.0243,0
108340,524587.4375,-3.3179,0,29.7271,0,62.5863,0,48.0244,0
108341,511103.0625,-3.3183,0,29.7271,0,62.5863,0,48.0245,0
108342,495020.9688,-3.3184,0,29.7269,0,62.586,0,48.0242,0
108343,479621.9063,-3.257,0,29.7273,0,62.5863,0,48.0239,0
108344,464510.625,-3.16,0,29.7269,0,62.5864,0,48.0236,0
108345,449734.0625,-3.1244,0,29.7271,0,62.5861,0,48.0241,0
108346,439149.0938,-3.0302,0,29.7272,0,62.5859,0,48.0241,0
108347,423532.8438,-2.989,0,29.7272,0,62.5865,0,48.0245,0
108348,414861.25,-2.9429,0,29.7269,0,62.5863,0,48.0244,0
108349,402934.5313,-2.9035,0,29.727,0,62.5859,0,48.024,0
108350,392265.4063,-2.8676,0,29.7269,0,62.5862,0,48.0239,0
108351,379009.625,-2.8598,0,29.7267,0,62.586,0,48.024,0
108352,370446.9688,-2.8388,0,29.7268,0,62.5863,0,48.0239,0
108353,360557.9063,-2.7954,0,29.7267,0,62.586,0,48.0242,0
108354,350712.75,-2.7725,0,29.7268,0,62.5862,0,48.0243,0
108355,339959.0938,-2.7256,0,29.7268,0,62.5865,0,48.0241,0
108356,331484.7813,-2.7073,0,29.7271,0,62.5863,0,48.0236,0
108357,323103.7188,-2.7602,0,29.7274,0,62.5869,0,48.0246,0
108358,314455.5938,-2.6881,0,29.7274,0,62.5867,0,48.0241,0
122905,31950000.0,0.0326,0,29.727,0,62.5865,0,48.0241,0
122906,31950000.0,0.0041,0,29.7271,0,62.5866,0,48.0243,0
122907,31860000.0,-0.0125,0,29.727,0,62.5865,0,48.0242,0
122908,31860000.0,-0.0204,0,29.7273,0,62.586,0,48.0244,0
122909,31850000.0,-0.0246,0,29.7269,0,62.5865,0,48.0241,0
122910,31860000.0,-0.02,0,29.7275,0,62.5868,0,48.0246,0
122911,31850000.0,-0.0196,0,29.7275,0,62.5862,0,48.0246,0
122912,31870000.0,-0.0075,0,29.7274,0,62.5865,0,48.0239,0
122913,31880000.0,0.0118,0,29.7271,0,62.5861,0,48.0243,0
122914,31880000.0,0.0388,0,29.727,0,62.5864,0,48.0247,0
122915,31870000.0,0.045,0,29.7271,0,62.586,0,48.0243,0
122916,31910000.0,0.0743,0,29.7273,0,62.5862,0,48.0238,0
122917,31970000.0,0.058,0,29.7269,0,62.5864,0,48.0243,0
122918,31970000.0,0.0367,0,29.7275,0,62.5862,0,48.0245,0
122919,31960000.0,0.0774,0,29.7273,0,62.5859,0,48.024,0
122920,31970000.0,0.0623,0,29.7265,0,62.5867,0,48.0241,0
122921,31960000.0,0.0219,0,29.7273,0,62.5866,0,48.0242,0
122922,31970000.0,0.0179,0,29.7274,0,62.5867,0,48.0243,0
122923,31990000.0,0.0198,0,29.7274,0,62.5869,0,48.0246,0
122924,32000000.0,0.0245,0,29.7274,0,62.5868,0,48.0248,0
122925,31990000.0,0.031,0,29.7275,0,62.5869,0,48.0242,0
122926,32000000.0,0.0132,0,29.7268,0,62.5869,0,48.0241,0
122927,31990000.0,-0.0076,0,29.7271,0,62.5866,0,48.0242,0
122928,31910000.0,-0.0259,0,29.727,0,62.5862,0,48.0243,0
122929,31900000.0,-0.0217,0,29.7268,0,62.5864,0,48.0242,0
122930,31900000.0,-0.0328,0,29.7268,0,62.586,0,48.0242,0
122931,31900000.0,-0.0349,0,29.7269,0,62.5866,0,48.0242,0
122932,31900000.0,-0.0294,0,29.7273,0,62.5869,0,48.0243,0
122933,31860000.0,0.0317,0,29.7273,0,62.5864,0,48.0245,0
122934,31870000.0,0.0356,0,29.7271,0,62.5868,0,48.0242,0
122935,31930000.0,0.0898,0,29.7274,0,62.587,0,48.0243,0
122936,31960000.0,0.0587,0,29.7278,0,62.5868,0,48.0248,0
122937,31870000.0,0.0058,0,29.7275,0,62.5867,0,48.025,0
122938,31850000.0,-0.0113,0,29.7279,0,62.5863,0,48.0248,0
122939,31860000.0,0.0331,0,29.7275,0,62.5869,0,48.0245,0
122940,31900000.0,0.0536,0,29.7277,0,62.5865,0,48.0249,0
122941,31960000.0,0.0508,0,29.7272,0,62.5861,0,48.0241,0
122942,31960000.0,0.0526,0,29.7269,0,62.5867,0,48.0242,0
122943,31960000.0,0.0104,0,29.7267,0,62.5863,0,48.0239,0
122944,31870000.0,-0.0332,0,29.727,0,62.5861,0,48.0238,0
122945,31870000.0,0.0184,0,29.7271,0,62.5863,0,48.0243,0
122946,31870000.0,0.0014,0,29.7271,0,62.5862,0,48.0243,0
122947,31870000.0,0.0019,0,29.7272,0,62.5866,0,48.0245,0
122948,31870000.0,-0.0156,0,29.7274,0,62.5866,0,48.0244,0
122949,31870000.0,0.0077,0,29.7272,0,62.5866,0,48.0243,0
122950,31880000.0,0.0228,0,29.7271,0,62.5862,0,48.0242,0
122951,31960000.0,0.0523,0,29.7269,0,62.5862,0,48.0242,0
122952,31980000.0,0.051,0,29.727,0,62.5862,0,48.0247,0
122953,31970000.0,0.0337,0,29.7268,0,62.5866,0,48.0244,0
122954,31960000.0,0.0303,0,29.7276,0,62.5863,0,48.0245,0
122955,31990000.0,0.0474,0,29.7268,0,62.5869,0,48.0242,0
122956,31980000.0,0.0395,0,29.7267,0,62.5862,0,48.0239,0
122957,31980000.0,0.0083,0,29.7268,0,62.5869,0,48.0247,0
122958,31890000.0,-0.0121,0,29.727,0,62.5862,0,48.0242,0
122959,31880000.0,-0.0096,0,29.7268,0,62.5859,0,48.0241,0
122960,31890000.0,-0.0181,0,29.7264,0,62.5856,0,48.024,0
122961,31940000.0,0.0578,0,29.7269,0,62.5863,0,48.0243,0
122962,31970000.0,0.0617,0,29.7269,0,62.5864,0,48.0242,0
122963,31970000.0,0.0544,0,29.7273,0,62.5867,0,48.0241,0
122964,31970000.0,0.0605,0,29.7273,0,62.5874,0,48.0247,0
122965,32000000.0,0.0603,0,29.7269,0,62.5862,0,48.0243,1
122966,31960000.0,0.0223,0,29.7272,0,62.587,0,48.0244,0
122967,31960000.0,0.0086,0,29.7269,0,62.5861,0,48.0245,0
122968,31970000.0,0.0284,0,29.7272,0,62.5867,0,48.0242,0
122969,31970000.0,0.0049,0,29.7269,0,62.5863,0,48.0238,0
122970,31960000.0,0.0187,0,29.7268,0,62.5864,0,48.0241,0
122971,31970000.0,0.0428,0,29.7269,0,62.5862,0,48.0243,0
122972,32050000.0,0.063,0,29.7269,0,62.5865,0,48.0241,0
122973,32060000.0,0.066,0,29.7268,0,62.5861,0,48.0238,0
122974,31370000.0,-3.2407,0,29.7269,0,62.5863,0,48.0241,0
122975,23240000.0,-3.3166,0,29.7273,0,62.5869,0,48.0239,0
122976,17240000.0,-3.3169,0,29.7269,0,62.5864,0,48.0244,0
122977,13310000.0,-3.3165,0,29.7273,0,62.5863,0,48.0244,0
122978,9914532.0,-3.318,0,29.7271,0,62.5868,0,48.0245,0
122979,7797592.0,-3.318,0,29.7273,0,62.5864,0,48.0247,0
122980,5889089.5,-3.3186,0,29.7272,0,62.5873,0,48.025,0
122981,4510020.5,-3.3189,0,29.7276,0,62.5869,0,48.0245,0
122982,3704644.75,-3.3188,0,29.7272,0,62.5865,0,48.0246,0
122983,2967362.75,-3.3189,0,29.7272,0,62.5862,0,48.0244,0
122984,2487022.5,-3.3195,0,29.7272,0,62.5868,0,48.0244,0
122985,2118989.75,-3.3186,0,29.727,0,62.5858,0,48.0241,0
122986,1809638.625,-3.319,0,29.7269,0,62.5857,0,48.0241,0
122987,1580648.75,-3.3193,0,29.7268,0,62.5864,0,48.0233,0
122988,1380523.25,-3.319,0,29.727,0,62.5864,0,48.0243,0
122989,1248277.75,-3.3175,0,29.7271,0,62.5863,0,48.0245,0
122990,1134040.25,-3.3164,0,29.727,0,62.5864,0,48.0242,0
122991,1042129.187,-3.3172,0,29.7273,0,62.5864,0,48.0243,0
122992,976351.9375,-3.3172,0,29.7269,0,62.5866,0,48.024,0
122993,913132.125,-3.3165,0,29.7267,0,62.5867,0,48.0245,0
122994,863305.0,-3.3169,0,29.7274,0,62.5861,0,48.0243,0
122995,814913.0,-3.3169,0,29.7266,0,62.5864,0,48.0242,0
122996,775747.375,-3.3171,0,29.7269,0,62.5872,0,48.0242,0
122997,744427.1875,-3.317,0,29.7272,0,62.5867,0,48.0242,0
122998,709409.25,-3.3171,0,29.7278,0,62.5863,0,48.0246,0
122999,682798.8125,-3.3194,0,29.7272,0,62.5866,0,48.0239,0
123000,655540.8125,-3.3191,0,29.7272,0,62.5864,0,48.0242,0
123001,630690.4375,-3.3187,0,29.7274,0,62.5866,0,48.024,0
123002,608888.5,-3.3194,0,29.7274,0,62.5863,0,48.0241,0
123003,587774.125,-3.3175,0,29.7269,0,62.5869,0,48.0249,0
123004,570358.75,-3.3177,0,29.727,0,62.5866,0,48.0244,0
123005,550613.6875,-3.3182,0,29.7268,0,62.5864,0,48.0243,0
123006,530579.875,-3.317,0,29.7268,0,62.586,0,48.0239,0
123007,513650.8125,-3.3167,0,29.7275,0,62.5863,0,48.0245,0
123008,496573.75,-3.3166,0,29.727,0,62.5867,0,48.0242,0
123009,482301.9063,-3.3168,0,29.7265,0,62.5863,0,48.0239,0
123010,467570.5313,-3.3158,0,29.7268,0,62.5862,0,48.0241,0
123011,452525.8125,-3.2419,0,29.7262,0,62.5863,0,48.0241,0
123012,440676.5938,-3.0834,0,29.727,0,62.5865,0,48.0245,0
123013,428296.25,-2.9938,0,29.7267,0,62.5861,0,48.0243,0
123014,416690.6875,-2.957,0,29.7269,0,62.5867,0,48.0243,0
123015,405035.9063,-2.8923,0,29.7272,0,62.5865,0,48.0241,0
123016,392939.4688,-2.92,0,29.7272,0,62.5863,0,48.0244,0
123017,383290.1875,-2.8566,0,29.7274,0,62.5868,0,48.0242,0
123018,372034.0938,-2.8014,0,29.7274,0,62.5862,0,48.0241,0
123019,362047.0,-2.784,0,29.7268,0,62.5864,0,48.0243,0
123020,352888.375,-2.7548,0,29.7271,0,62.5865,0,48.0243,0
123021,343725.0,-2.6825,0,29.7269,0,62.5865,0,48.024,0
123022,334895.1875,-2.6485,0,29.7268,0,62.5866,0,48.0245,0
123023,326041.5,-2.6917,0,29.7272,0,62.5868,0,48.0247,0
123024,317983.0625,-2.6969,0,29.7274,0,62.5866,0,48.0247,0
141216,32270000.0,0.0436,0,29.7277,0,62.5859,0,48.0245,0
141217,32350000.0,0.0334,0,29.7272,0,62.5864,0,48.0249,0
141218,32330000.0,0.0407,0,29.7274,0,62.5871,0,48.0249,0
141219,32320000.0,-0.0028,0,29.7274,0,62.587,0,48.0245,0
141220,32240000.0,-0.0271,0,29.7266,0,62.5862,0,48.0248,0
141221,32240000.0,-0.0344,0,29.7273,0,62.5867,0,48.0245,0
141222,32250000.0,-0.0258,0,29.7271,0,62.5866,0,48.0244,0
141223,32260000.0,0.0147,0,29.7271,0,62.5872,0,48.0245,0
141224,32270000.0,0.041,0,29.7266,0,62.5868,0,48.024,0
141225,32280000.0,0.0267,0,29.7264,0,62.5862,0,48.0236,0
141226,32280000.0,0.055,0,29.7268,0,62.5864,0,48.0242,0
141227,32310000.0,0.0363,0,29.7267,0,62.5865,0,48.0241,0
141228,32300000.0,0.0349,0,29.7268,0,62.5858,0,48.0243,0
141229,32250000.0,-0.0184,0,29.7269,0,62.5863,0,48.0241,0
141230,32240000.0,0.016,0,29.7268,0,62.5868,0,48.0242,0
141231,32250000.0,0.0113,0,29.7269,0,62.5867,0,48.0245,0
141232,32230000.0,-0.0015,0,29.7273,0,62.5867,0,48.0246,0
141233,32260000.0,0.0062,0,29.7273,0,62.5869,0,48.0251,0
141234,32260000.0,0.0219,0,29.727,0,62.5866,0,48.0247,0
141235,32270000.0,-0.0175,0,29.727,0,62.5867,0,48.0239,0
141236,32300000.0,0.0206,0,29.7269,0,62.5867,0,48.024,0
141237,32280000.0,0.0514,0,29.727,0,62.586,0,48.0242,0
141238,32300000.0,0.0517,0,29.7271,0,62.5866,0,48.0245,0
141239,32290000.0,0.0589,0,29.7268,0,62.5867,0,48.024,0
141240,32340000.0,0.0505,0,29.7266,0,62.586,0,48.024,0
141241,32350000.0,0.0312,0,29.7268,0,62.5861,0,48.024,0
141242,32350000.0,0.0454,0,29.7266,0,62.5866,0,48.0243,0
141243,32350000.0,0.02,0,29.7267,0,62.5862,0,48.0243,0
141244,32330000.0,0.0142,0,29.7274,0,62.587,0,48.0244,0
141245,32310000.0,0.0011,0,29.7275,0,62.5868,0,48.025,0
141246,32330000.0,0.0116,0,29.7271,0,62.5862,0,48.0246,0
141247,32270000.0,-0.0058,0,29.7268,0,62.5868,0,48.0243,0
141248,32310000.0,0.018,0,29.7276,0,62.587,0,48.0249,0
141249,32270000.0,0.013,0,29.7268,0,62.5868,0,48.0246,0
141250,32300000.0,0.0131,0,29.7272,0,62.5864,0,48.0242,0
141251,32320000.0,0.0298,0,29.7269,0,62.5872,0,48.0239,0
141252,32360000.0,0.0411,0,29.7269,0,62.5864,0,48.0239,0
141253,32360000.0,0.0711,0,29.7272,0,62.586,0,48.0245,0
141254,32470000.0,0.0793,0,29.7263,0,62.5864,0,48.0238,0
141255,32390000.0,0.0456,0,29.7269,0,62.5858,0,48.0239,0
141256,32370000.0,0.015,0,29.727,0,62.5865,0,48.0246,0
141257,32360000.0,0.0344,0,29.7272,0,62.5866,0,48.0241,0
141258,32420000.0,0.0696,0,29.7268,0,62.5863,0,48.0247,0
141259,32470000.0,0.0542,0,29.7268,0,62.5865,0,48.024,0
141260,32480000.0,0.0535,0,29.727,0,62.5864,0,48.0245,0
141261,32480000.0,0.0195,0,29.7269,0,62.5862,0,48.0242,0
141262,32380000.0,-9.37e-05,0,29.7272,0,62.5871,0,48.0243,0
141263,32370000.0,-0.0258,0,29.7275,0,62.5869,0,48.0248,0
141264,32370000.0,0.0019,0,29.7276,0,62.5871,0,48.0243,0
141265,32380000.0,0.0021,0,29.727,0,62.5864,0,48.0242,0
141266,32370000.0,-0.0118,0,29.7268,0,62.5864,0,48.0246,0
141267,32360000.0,-0.0257,0,29.7269,0,62.5868,0,48.0245,0
141268,32280000.0,-0.0498,0,29.7265,0,62.5863,0,48.024,0
141269,32280000.0,-0.0374,0,29.727,0,62.5864,0,48.0243,0
141270,32290000.0,-0.0049,0,29.7264,0,62.5866,0,48.0243,0
141271,32290000.0,0.0011,0,29.7268,0,62.586,0,48.0237,0
141272,32290000.0,-0.0086,0,29.7268,0,62.5867,0,48.0242,0
141273,32290000.0,0.0217,0,29.7272,0,62.5863,0,48.0244,0
141274,32360000.0,0.0702,0,29.7269,0,62.5868,0,48.0242,0
141275,32380000.0,0.0717,0,29.7275,0,62.587,0,48.0243,0
141276,32380000.0,0.041,0,29.7272,0,62.5867,0,48.0246,1
141277,32380000.0,0.0379,0,29.7271,0,62.5864,0,48.0239,0
141278,32380000.0,0.0609,0,29.7269,0,62.5861,0,48.0244,0
141279,32350000.0,0.0365,0,29.7266,0,62.5866,0,48.0244,0
141280,32350000.0,0.0031,0,29.7272,0,62.5871,0,48.0244,0
141281,32350000.0,0.0178,0,29.7271,0,62.5863,0,48.0243,0
141282,32350000.0,0.0163,0,29.7268,0,62.5866,0,48.0244,0
141283,32340000.0,0.0239,0,29.7267,0,62.5861,0,48.0236,0
141284,32340000.0,0.0333,0,29.7265,0,62.5861,0,48.0237,0
141285,32240000.0,-1.9303,0,29.727,0,62.5864,0,48.0244,0
141286,25240000.0,-3.3179,0,29.7268,0,62.5863,0,48.0239,0
141287,18570000.0,-3.3184,0,29.7269,0,62.5867,0,48.0241,0
141288,13990000.0,-3.3189,0,29.7269,0,62.587,0,48.0242,0
141289,10380000.0,-3.3191,0,29.7269,0,62.5862,0,48.0243,0
141290,7436076.5,-3.3181,0,29.7274,0,62.5871,0,48.0243,0
141291,5845878.0,-3.3184,0,29.7266,0,62.5868,0,48.0237,0
141292,4772760.0,-3.318,0,29.7266,0,62.5863,0,48.0245,0
141293,3797945.5,-3.3178,0,29.7266,0,62.5864,0,48.0241,0
141294,3195994.5,-3.3179,0,29.7265,0,62.5865,0,48.0239,0
141295,2574362.5,-3.3186,0,29.7267,0,62.5867,0,48.0244,0
141296,2106402.75,-3.3175,0,29.7268,0,62.5862,0,48.024,0
141297,1871933.25,-3.3176,0,29.7269,0,62.5867,0,48.0243,0
141298,1616816.0,-3.3175,0,29.7272,0,62.5863,0,48.0243,0
141299,1435801.0,-3.3171,0,29.7268,0,62.5866,0,48.0245,0
141300,1274458.875,-3.3175,0,29.7269,0,62.5865,0,48.0238,0
141301,1178841.625,-3.3181,0,29.7269,0,62.5865,0,48.0241,0
141302,1074592.5,-3.3185,0,29.7263,0,62.5869,0,48.024,0
141303,994433.0,-3.318,0,29.7265,0,62.5862,0,48.0243,0
141304,937243.75,-3.3181,0,29.727,0,62.5862,0,48.0247,0
141305,882828.3125,-3.3181,0,29.7271,0,62.5865,0,48.024,0
141306,824691.4375,-3.3184,0,29.727,0,62.5861,0,48.0246,0
141307,794477.125,-3.318,0,29.7268,0,62.5864,0,48.0243,0
141308,755345.5625,-3.3184,0,29.727,0,62.5867,0,48.0243,0
141309,724218.6875,-3.3181,0,29.7271,0,62.5861,0,48.024,0
141310,688487.1875,-3.3184,0,29.7266,0,62.5866,0,48.0245,0
141311,664085.5625,-3.3187,0,29.7271,0,62.5866,0,48.0244,0
141312,645639.625,-3.3192,0,29.7272,0,62.5867,0,48.0247,0
141313,618727.75,-3.3189,0,29.7268,0,62.5867,0,48.0248,0
141314,598858.8125,-3.3181,0,29.7273,0,62.5865,0,48.0247,0
141315,577859.0,-3.3187,0,29.7271,0,62.5864,0,48.0241,0
141316,557210.0,-3.3179,0,29.7271,0,62.5862,0,48.024,0
141317,537568.0625,-3.3185,0,29.7269,0,62.5858,0,48.0244,0
141318,521532.875,-3.3181,0,29.7268,0,62.5865,0,48.0245,0
141319,506189.25,-3.3182,0,29.7269,0,62.5866,0,48.0244,0
141320,489256.875,-3.3144,0,29.7267,0,62.5866,0,48.0244,0
141321,476793.2188,-3.2355,0,29.727,0,62.5861,0,48.0243,0
141322,463248.7813,-3.147,0,29.7267,0,62.586,0,48.0238,0
141323,450213.2813,-3.082,0,29.7268,0,62.5864,0,48.0242,0
141324,437077.0625,-3.0602,0,29.7268,0,62.5864,0,48.0241,0
141325,424715.0625,-2.974,0,29.7266,0,62.5863,0,48.0245,0
141326,412464.3125,-2.9126,0,29.727,0,62.5867,0,48.0245,0
141327,398979.0625,-2.8577,0,29.7272,0,62.5864,0,48.0243,0
141328,388972.6875,-2.8196,0,29.7271,0,62.5869,0,48.0248,0
141329,379900.1563,-2.8004,0,29.7271,0,62.5864,0,48.0243,0
141330,368220.7188,-2.8436,0,29.7268,0,62.5864,0,48.0251,0
141331,357609.3438,-2.8025,0,29.7268,0,62.5864,0,48.0241,0
141332,349454.875,-2.765,0,29.7271,0,62.5865,0,48.0247,0
141333,339935.3125,-2.7338,0,29.7274,0,62.5864,0,48.0246,0
141334,330680.9375,-2.6966,0,29.7275,0,62.5868,0,48.0247,0
141335,322337.9063,-2.7302,0,29.7266,0,62.5864,0,48.0243,0
159637,31750000.0,-0.026,0,29.7266,0,62.5865,0,48.0239,0
159638,31770000.0,-0.0073,0,29.7263,0,62.5859,0,48.0238,0
159639,31760000.0,-0.0402,0,29.7264,0,62.5864,0,48.0244,0
159640,31690000.0,-0.0466,0,29.7269,0,62.5863,0,48.0244,0
159641,31690000.0,-0.0265,0,29.7275,0,62.5869,0,48.0244,0
159642,31670000.0,-0.0312,0,29.7266,0,62.5862,0,48.0246,0
159643,31580000.0,-0.0735,0,29.7271,0,62.5866,0,48.0242,0
159644,31580000.0,-0.0721,0,29.7277,0,62.587,0,48.0244,0
159645,31590000.0,-0.0356,0,29.7268,0,62.5867,0,48.0247,0
159646,31570000.0,-0.0634,0,29.7273,0,62.5866,0,48.0241,0
159647,31620000.0,-0.0252,0,29.727,0,62.5864,0,48.0241,0
159648,31570000.0,-0.0022,0,29.7264,0,62.5862,0,48.0244,0
159649,31600000.0,0.0189,0,29.7263,0,62.5866,0,48.0243,0
159650,31590000.0,0.0295,0,29.7264,0,62.5867,0,48.024,0
159651,31570000.0,0.0423,0,29.7269,0,62.5864,0,48.0244,0
159652,31570000.0,-0.0029,0,29.7272,0,62.587,0,48.0248,0
159653,31570000.0,0.0069,0,29.7274,0,62.5868,0,48.0246,0
159654,31590000.0,0.0043,0,29.7272,0,62.5868,0,48.0245,0
159655,31540000.0,-0.0129,0,29.7275,0,62.5867,0,48.0248,0
159656,31560000.0,0.0189,0,29.7272,0,62.5867,0,48.0245,0
159657,31490000.0,-0.0043,0,29.727,0,62.5862,0,48.0248,0
159658,31500000.0,-0.0031,0,29.7264,0,62.5865,0,48.0241,0
159659,31500000.0,0.0044,0,29.7265,0,62.5864,0,48.0237,0
159660,31500000.0,0.0191,0,29.7266,0,62.5864,0,48.0242,0
159661,31530000.0,0.0247,0,29.7268,0,62.5865,0,48.0245,0
159662,31540000.0,-0.0033,0,29.7269,0,62.5867,0,48.0244,0
159663,31540000.0,-0.0247,0,29.7272,0,62.5868,0,48.0248,0
159664,31540000.0,-0.0249,0,29.7267,0,62.5865,0,48.0247,0
159665,31440000.0,-0.0321,0,29.7277,0,62.5875,0,48.0245,0
159666,31410000.0,-0.0343,0,29.7272,0,62.5863,0,48.0245,0
159667,31440000.0,-0.0108,0,29.7266,0,62.5863,0,48.024,0
159668,31440000.0,-0.0313,0,29.7264,0,62.5862,0,48.0241,0
159669,31450000.0,-0.0079,0,29.7273,0,62.5865,0,48.0244,0
159670,31440000.0,0.0063,0,29.7268,0,62.5862,0,48.0242,0
159671,31420000.0,0.0195,0,29.7269,0,62.5863,0,48.024,0
159672,31410000.0,-0.0002,0,29.7272,0,62.5869,0,48.0249,0
159673,31330000.0,-0.0082,0,29.727,0,62.5865,0,48.0247,0
159674,31380000.0,-0.0009,0,29.7273,0,62.5871,0,48.0247,0
159675,31400000.0,0.0149,0,29.7274,0,62.5868,0,48.0247,0
159676,31390000.0,-0.0043,0,29.7268,0,62.5868,0,48.0244,0
159677,31370000.0,0.0081,0,29.7269,0,62.5865,0,48.0245,0
159678,31330000.0,-0.0075,0,29.7265,0,62.586,0,48.0239,0
159679,31320000.0,-0.0089,0,29.7262,0,62.5862,0,48.0241,0
159680,31320000.0,-0.0076,0,29.7265,0,62.5865,0,48.0239,0
159681,31320000.0,0.0345,0,29.7272,0,62.5867,0,48.0243,0
159682,31340000.0,0.0363,0,29.7269,0,62.5864,0,48.0243,0
159683,31370000.0,0.053,0,29.7272,0,62.5863,0,48.0248,0
159684,31450000.0,0.0411,0,29.7277,0,62.5873,0,48.0252,0
159685,31370000.0,-0.0063,0,29.7267,0,62.5865,0,48.0243,0
159686,31360000.0,0.0103,0,29.7272,0,62.5863,0,48.0244,0
159687,31340000.0,0.0021,0,29.7273,0,62.5868,0,48.0243,0
159688,31340000.0,-0.016,0,29.7268,0,62.587,0,48.0241,0
159689,31340000.0,0.0281,0,29.7267,0,62.5861,0,48.0248,0
159690,31350000.0,0.0171,0,29.7266,0,62.5868,0,48.0246,0
159691,31360000.0,0.0044,0,29.7264,0,62.5863,0,48.0242,0
159692,31320000.0,-0.0132,0,29.7267,0,62.5865,0,48.0245,0
159693,31320000.0,0.0057,0,29.7268,0,62.5861,0,48.0243,0
159694,31340000.0,0.0182,0,29.7269,0,62.5864,0,48.024,0
159695,31340000.0,0.04,0,29.7269,0,62.5863,0,48.0239,0
159696,31330000.0,0.0336,0,29.7267,0,62.5865,0,48.0249,0
159697,31320000.0,0.0251,0,29.7267,0,62.5865,0,48.0239,1
159698,31320000.0,0.0067,0,29.7267,0,62.5866,0,48.0245,0
159699,31350000.0,0.0173,0,29.7265,0,62.5868,0,48.0242,0
159700,31370000.0,0.0667,0,29.7266,0,62.5867,0,48.0243,0
159701,31360000.0,0.0636,0,29.7276,0,62.5864,0,48.0247,0
159702,31370000.0,0.0197,0,29.7271,0,62.587,0,48.0246,0
159703,31370000.0,-0.0076,0,29.7268,0,62.5867,0,48.0243,0
159704,31350000.0,0.0037,0,29.7266,0,62.5866,0,48.0245,0
159705,31300000.0,-0.7663,0,29.7267,0,62.5866,0,48.0244,0
159706,25530000.0,-3.3136,0,29.7267,0,62.5866,0,48.0243,0
159707,18840000.0,-3.315,0,29.7271,0,62.5862,0,48.0249,0
159708,13010000.0,-3.3146,0,29.7268,0,62.5868,0,48.0243,0
159709,10630000.0,-3.3143,0,29.7262,0,62.5867,0,48.0241,0
159710,7901139.0,-3.3136,0,29.7261,0,62.586,0,48.0241,0
159711,6209987.0,-3.3119,0,29.7262,0,62.5863,0,48.0239,0
159712,4654783.5,-3.3119,0,29.7264,0,62.5862,0,48.0243,0
159713,3759578.5,-3.3123,0,29.7264,0,62.5859,0,48.0244,0
159714,3052157.0,-3.3121,0,29.7265,0,62.5867,0,48.0241,0
159715,2538725.0,-3.3124,0,29.7272,0,62.5866,0,48.0245,0
159716,2088956.375,-3.313,0,29.7272,0,62.587,0,48.0245,0
159717,1762752.25,-3.3133,0,29.7267,0,62.5863,0,48.0243,0
159718,1598676.125,-3.3137,0,29.727,0,62.5868,0,48.0241,0
159719,1405772.75,-3.3134,0,29.727,0,62.587,0,48.0243,0
159720,1247688.5,-3.3139,0,29.7269,0,62.5872,0,48.0246,0
159721,1143608.75,-3.313,0,29.7266,0,62.5862,0,48.0239,0
159722,1050779.375,-3.3132,0,29.7264,0,62.5866,0,48.0243,0
159723,972488.3125,-3.3136,0,29.7262,0,62.5863,0,48.0242,0
159724,898942.9375,-3.3123,0,29.7269,0,62.5866,0,48.0246,0
159725,854833.75,-3.3125,0,29.7267,0,62.5862,0,48.0244,0
159726,812304.5,-3.3116,0,29.7262,0,62.587,0,48.0242,0
159727,772112.625,-3.3121,0,29.7271,0,62.5864,0,48.024,0
159728,728074.5,-3.3126,0,29.7272,0,62.5867,0,48.0245,0
159729,701297.0,-3.3133,0,29.7271,0,62.5862,0,48.0244,0
159730,675407.875,-3.314,0,29.7271,0,62.5864,0,48.0249,0
159731,649315.0,-3.3137,0,29.7268,0,62.586,0,48.0247,0
159732,622049.25,-3.3131,0,29.7265,0,62.5866,0,48.0243,0
159733,598437.3125,-3.313,0,29.7266,0,62.5863,0,48.024,0
159734,577859.0,-3.3127,0,29.7263,0,62.5863,0,48.024,0
159735,560712.0,-3.3125,0,29.7266,0,62.5864,0,48.0243,0
159736,543009.3125,-3.3121,0,29.7267,0,62.5864,0,48.0245,0
159737,524239.7813,-3.3134,0,29.7269,0,62.5864,0,48.0245,0
159738,506668.125,-3.3137,0,29.7274,0,62.5863,0,48.0248,0
159739,490931.7188,-3.3143,0,29.727,0,62.587,0,48.0247,0
159740,479199.5,-3.2894,0,29.7271,0,62.5867,0,48.0251,0
159741,463313.0,-3.2204,0,29.7274,0,62.5866,0,48.0251,0
159742,451929.3438,-3.1053,0,29.7268,0,62.587,0,48.0246,0
159743,439766.0938,-2.9968,0,29.7269,0,62.5865,0,48.0247,0
159744,426847.375,-2.9537,0,29.7265,0,62.5866,0,48.0244,0
159745,413594.625,-2.9011,0,29.7264,0,62.5863,0,48.0236,0
159746,402471.4063,-2.9079,0,29.7265,0,62.5867,0,48.0242,0
159747,391967.8125,-2.93,0,29.727,0,62.5862,0,48.0242,0
159748,380686.7188,-2.9133,0,29.7273,0,62.5869,0,48.0247,0
159749,367828.25,-2.8739,0,29.7271,0,62.5869,0,48.0248,0
159750,358342.875,-2.8472,0,29.7269,0,62.5864,0,48.0243,0
159751,349448.6563,-2.8655,0,29.727,0,62.5871,0,48.0251,0
159752,339931.5625,-2.8181,0,29.7266,0,62.5867,0,48.0244,0
159753,327961.4375,-2.7815,0,29.7265,0,62.5865,0,48.0245,0
159754,320706.0938,-2.7315,0,29.7264,0,62.5861,0,48.024,0
159755,313007.5313,-2.6671,0,29.7268,0,62.5865,0,48.0239,0
159756,304962.625,-2.6926,0,29.7266,0,62.5863,0,48.0241,0
240479,16197.8818,0.147,0,29.727,0,62.5866,0,48.0238,0
240480,16248.7813,0.189,0,29.7269,0,62.5866,0,48.0244,0
240481,16239.5957,0.0976,0,29.7265,0,62.5863,0,48.024,0
240482,16279.1162,0.1496,0,29.7267,0,62.5862,0,48.0242,0
240483,16318.71,0.2525,0,29.726,0,62.586,0,48.024,0
240484,16364.5752,0.193,0,29.7269,0,62.5861,0,48.0246,0
240485,16370.1465,0.1461,0,29.7265,0,62.5862,0,48.0246,0
240486,16411.9219,0.2063,0,29.7265,0,62.5862,0,48.0241,0
240487,16471.4023,0.2352,0,29.727,0,62.5866,0,48.0245,0
240488,16474.4102,0.1584,0,29.7265,0,62.5862,0,48.0242,0
240489,16474.8164,0.1517,0,29.727,0,62.5865,0,48.0245,0
240490,16538.7266,0.224,0,29.7265,0,62.5865,0,48.0244,0
240491,16555.8496,0.232,0,29.7268,0,62.5864,0,48.0247,0
240492,16629.6328,0.266,0,29.7266,0,62.5869,0,48.0243,0
240493,16639.541,0.2512,0,29.7269,0,62.5865,0,48.0249,0
240494,16680.8574,0.185,0,29.7274,0,62.5868,0,48.0249,0
240495,16657.7754,0.1123,0,29.727,0,62.5866,0,48.0244,0
240496,16697.877,0.22,0,29.7267,0,62.5865,0,48.0242,0
240497,16781.3887,0.3257,0,29.7266,0,62.5867,0,48.0246,0
240498,16863.9063,0.4522,0,29.7256,0,62.5862,0,48.0236,0
240499,16935.1328,0.3741,0,29.7266,0,62.5862,0,48.024,0
240500,16931.1133,0.2041,0,29.7269,0,62.5869,0,48.0246,0
240501,16925.8613,0.1642,0,29.7262,0,62.5867,0,48.0245,0
240502,16944.9902,0.1591,0,29.7269,0,62.5864,0,48.0244,0
240503,16983.0098,0.2229,0,29.7267,0,62.5869,0,48.0241,0
240504,17030.6504,0.1635,0,29.727,0,62.5865,0,48.0243,0
240505,17019.5977,0.1782,0,29.727,0,62.5865,0,48.0247,0
240506,17041.5684,0.1316,0,29.7269,0,62.5857,0,48.024,0
240507,17070.3145,0.1667,0,29.7263,0,62.5859,0,48.0243,0
240508,17149.5195,0.2378,0,29.7266,0,62.5869,0,48.0241,0
240509,17296.2617,0.4698,0,29.727,0,62.5867,0,48.0245,0
240510,17343.375,0.3729,0,29.7268,0,62.5866,0,48.0247,0
240511,17361.0684,0.2874,0,29.727,0,62.5863,0,48.0247,0
240512,17377.041,0.2399,0,29.7269,0,62.5866,0,48.0243,0
240513,17402.8633,0.2282,0,29.7268,0,62.5862,0,48.0248,0
240514,17495.3027,0.3188,0,29.7258,0,62.5866,0,48.0242,0
240515,17526.1855,0.2262,0,29.7266,0,62.5867,0,48.024,0
240516,17523.2031,0.2092,0,29.7269,0,62.5866,0,48.0244,0
240517,17557.9414,0.2334,0,29.727,0,62.587,0,48.0244,0
240518,17652.3906,0.2928,0,29.7271,0,62.5869,0,48.0241,0
240519,17643.3809,0.195,0,29.7266,0,62.5863,0,48.0245,0
240520,17677.168,0.2394,0,29.7265,0,62.5864,0,48.0239,0
240521,17708.9785,0.2305,0,29.7266,0,62.5865,0,48.0243,0
240522,17737.2676,0.1872,0,29.7268,0,62.5871,0,48.0247,0
240523,17747.6152,0.1377,0,29.7272,0,62.5872,0,48.0244,0
240524,17734.4199,0.0574,0,29.727,0,62.5863,0,48.0245,0
240525,17744.8633,0.1978,0,29.7269,0,62.5866,0,48.0239,0
240526,17821.084,0.1866,0,29.7263,0,62.5862,0,48.0239,0
240527,17858.5703,0.2239,0,29.7269,0,62.5864,0,48.0242,0
240528,17901.7832,0.2517,0,29.7274,0,62.5866,0,48.0244,0
240529,17921.623,0.2302,0,29.7269,0,62.5869,0,48.0243,0
240530,17997.1445,0.2902,0,29.727,0,62.5859,0,48.0246,0
240531,18049.1895,0.2386,0,29.7262,0,62.5864,0,48.0238,0
240532,18050.0313,0.1364,0,29.7265,0,62.5867,0,48.0243,0
240533,18022.4805,0.1316,0,29.7271,0,62.5865,0,48.0242,0
240534,18077.8477,0.0663,0,29.7268,0,62.5863,0,48.0243,0
240535,18039.8027,0.1623,0,29.7269,0,62.5867,0,48.0243,0
240536,18172.6504,0.2332,0,29.7271,0,62.5867,0,48.0247,0
240537,18177.4883,0.1913,0,29.7268,0,62.5865,0,48.024,0
240538,18187.8945,0.1767,0,29.7264,0,62.5863,0,48.0246,0
240539,18271.8105,0.2352,0,29.7265,0,62.5867,0,48.0241,1
240540,18332.9492,0.3229,0,29.7268,0,62.5869,0,48.0244,1
240541,18400.5313,0.3639,0,29.7266,0,62.587,0,48.0245,0
240542,18449.918,0.2948,0,29.7272,0,62.5874,0,48.0245,0
240543,18466.6621,0.2412,0,29.7265,0,62.5866,0,48.0247,0
240544,18521.8691,0.2273,0,29.7266,0,62.587,0,48.0244,0
240545,18539.2148,0.1707,0,29.7265,0,62.5868,0,48.0246,0
240546,18528.252,0.1271,0,29.726,0,62.5862,0,48.0236,0
240547,18619.5879,-0.0413,0,29.7261,0,62.587,0,48.0244,0
240548,15675.5313,-3.3159,0,29.7271,0,62.5863,0,48.0242,0
240549,11716.8193,-3.3152,0,29.7267,0,62.5867,0,48.0246,0
240550,8798.252,-3.316,0,29.7264,0,62.5866,0,48.0237,0
240551,6449.959,-3.3175,0,29.7266,0,62.5862,0,48.0237,0
240552,5005.7822,-3.3177,0,29.7263,0,62.5865,0,48.0242,0
240553,3808.5247,-3.3175,0,29.7268,0,62.5866,0,48.0244,0
240554,3132.3325,-3.3175,0,29.7268,0,62.5868,0,48.0242,0
240555,2503.5491,-3.3173,0,29.7267,0,62.5865,0,48.0246,0
240556,2081.7234,-3.3164,0,29.7269,0,62.587,0,48.0247,0
240557,1772.3508,-3.3159,0,29.7267,0,62.5863,0,48.0247,0
240558,1520.6829,-3.3158,0,29.7269,0,62.5863,0,48.0243,0
240559,1333.5087,-3.3164,0,29.7262,0,62.5859,0,48.0242,0
240560,1172.8735,-3.3159,0,29.7263,0,62.5858,0,48.0238,0
240561,1051.5236,-3.3156,0,29.727,0,62.5866,0,48.0246,0
240562,958.2271,-3.3155,0,29.7272,0,62.587,0,48.0244,0
240563,879.1596,-3.3167,0,29.7267,0,62.5868,0,48.0247,0
240564,799.8037,-3.3169,0,29.7269,0,62.5865,0,48.0248,0
240565,743.1071,-3.3178,0,29.7273,0,62.5866,0,48.0242,0
240566,686.5771,-3.3177,0,29.7267,0,62.5868,0,48.0247,0
240567,640.1539,-3.3177,0,29.7265,0,62.5868,0,48.0241,0
240568,608.7145,-3.3172,0,29.7263,0,62.5859,0,48.0239,0
240569,574.8064,-3.3161,0,29.7264,0,62.5862,0,48.0242,0
240570,564.2366,-3.3175,0,29.7268,0,62.5866,0,48.0244,0
240571,532.9501,-3.3167,0,29.7276,0,62.587,0,48.0248,0
240572,506.6458,-3.3156,0,29.727,0,62.5871,0,48.0243,0
240573,489.6248,-3.3156,0,29.7264,0,62.5869,0,48.0241,0
240574,462.6177,-3.3159,0,29.7261,0,62.5863,0,48.0239,0
240575,445.8566,-3.3165,0,29.7262,0,62.5859,0,48.0237,0
240576,425.3543,-3.318,0,29.7261,0,62.5863,0,48.0239,0
240577,409.8048,-3.3179,0,29.7258,0,62.5859,0,48.0237,0
240578,391.486,-3.3171,0,29.7263,0,62.5866,0,48.0243,0
240579,377.0923,-3.3162,0,29.7265,0,62.5866,0,48.0245,0
240580,363.4538,-3.3157,0,29.7271,0,62.5868,0,48.0243,0
240581,350.3307,-3.3165,0,29.7274,0,62.5865,0,48.0244,0
240582,337.2067,-3.3167,0,29.7269,0,62.5867,0,48.0245,0
240583,323.471,-3.3158,0,29.7262,0,62.5864,0,48.0244,0
240584,314.1699,-3.3161,0,29.7261,0,62.5857,0,48.024,0
240585,304.4392,-3.317,0,29.7261,0,62.5861,0,48.0241,0
240586,300.6193,-3.3173,0,29.7268,0,62.5861,0,48.0247,0
240587,289.9197,-3.3177,0,29.726,0,62.5862,0,48.0241,0
240588,277.3378,-3.3178,0,29.7267,0,62.586,0,48.0242,0
240589,272.6418,-3.3182,0,29.7268,0,62.5866,0,48.0247,0
240590,266.8246,-3.3179,0,29.727,0,62.5868,0,48.0244,0
240591,258.7094,-3.3164,0,29.7271,0,62.5864,0,48.0248,0
240592,253.4771,-3.3179,0,29.7263,0,62.5864,0,48.0245,0
240593,251.0243,-3.3181,0,29.7265,0,62.5867,0,48.0239,0
240594,248.3802,-3.3177,0,29.7269,0,62.5865,0,48.0242,0
240595,248.6981,-3.3175,0,29.7263,0,62.5862,0,48.0239,0
240596,252.3731,-3.2604,0,29.7261,0,62.5858,0,48.0239,0
240597,258.6905,-2.7136,0,29.7265,0,62.5866,0,48.0241,0
240598,265.3607,-2.0282,0,29.7265,0,62.5859,0,48.0238,0
240480,16248.7813,0.189,0,29.7264,0,62.5867,0,48.0244,0
240481,16239.5957,0.0976,0,29.7269,0,62.587,0,48.0244,0
240482,16279.1162,0.1496,0,29.7276,0,62.5868,0,48.0245,0
240483,16318.71,0.2525,0,29.7267,0,62.5865,0,48.0245,0
240484,16364.5752,0.193,0,29.7268,0,62.5868,0,48.0243,0
240485,16370.1465,0.1461,0,29.7265,0,62.5863,0,48.0239,0
240486,16411.9219,0.2063,0,29.727,0,62.5867,0,48.0246,0
240487,16471.4023,0.2352,0,29.7269,0,62.5867,0,48.0241,0
240488,16474.4102,0.1584,0,29.7268,0,62.5863,0,48.0248,0
240489,16474.8164,0.1517,0,29.7266,0,62.5858,0,48.0244,0
240490,16538.7266,0.224,0,29.7266,0,62.5864,0,48.0245,0
240491,16555.8496,0.232,0,29.7265,0,62.5858,0,48.0243,0
240492,16629.6328,0.266,0,29.7262,0,62.5864,0,48.0239,0
240493,16639.541,0.2512,0,29.7262,0,62.5859,0,48.0239,0
240494,16680.8574,0.185,0,29.7262,0,62.5863,0,48.0243,0
240495,16657.7754,0.1123,0,29.7263,0,62.5862,0,48.0244,0
240496,16697.877,0.22,0,29.7264,0,62.5867,0,48.0242,0
240497,16781.3887,0.3257,0,29.7258,0,62.5866,0,48.0237,0
240498,16863.9063,0.4522,0,29.7266,0,62.5863,0,48.0243,0
240499,16935.1328,0.3741,0,29.7267,0,62.5861,0,48.024,0
240500,16931.1133,0.2041,0,29.7265,0,62.5866,0,48.0244,0
240501,16925.8613,0.1642,0,29.7267,0,62.5873,0,48.0243,0
240502,16944.9902,0.1591,0,29.7263,0,62.5863,0,48.024,0
240503,16983.0098,0.2229,0,29.7268,0,62.5867,0,48.0249,0
240504,17030.6504,0.1635,0,29.727,0,62.5865,0,48.0245,0
240505,17019.5977,0.1782,0,29.7264,0,62.587,0,48.0246,0
240506,17041.5684,0.1316,0,29.7268,0,62.5866,0,48.0242,0
240507,17070.3145,0.1667,0,29.7275,0,62.5868,0,48.0246,0
240508,17149.5195,0.2378,0,29.7266,0,62.5863,0,48.0242,0
240509,17296.2617,0.4698,0,29.7265,0,62.5866,0,48.0242,0
240510,17343.375,0.3729,0,29.7264,0,62.5866,0,48.0242,0
240511,17361.0684,0.2874,0,29.726,0,62.586,0,48.0242,0
240512,17377.041,0.2399,0,29.7262,0,62.5861,0,48.0245,0
240513,17402.8633,0.2282,0,29.7265,0,62.5862,0,48.0241,0
240514,17495.3027,0.3188,0,29.7268,0,62.5859,0,48.0244,0
240515,17526.1855,0.2262,0,29.7266,0,62.5866,0,48.0245,0
240516,17523.2031,0.2092,0,29.7269,0,62.5866,0,48.0248,0
240517,17557.9414,0.2334,0,29.7267,0,62.5866,0,48.0242,0
240518,17652.3906,0.2928,0,29.7267,0,62.5865,0,48.0243,0
240519,17643.3809,0.195,0,29.7263,0,62.5866,0,48.0246,0
240520,17677.168,0.2394,0,29.7262,0,62.5864,0,48.024,0
240521,17708.9785,0.2305,0,29.7261,0,62.5862,0,48.0235,0
240522,17737.2676,0.1872,0,29.7264,0,62.5863,0,48.024,0
240523,17747.6152,0.1377,0,29.7264,0,62.5867,0,48.0245,0
240524,17734.4199,0.0574,0,29.727,0,62.587,0,48.0247,0
240525,17744.8633,0.1978,0,29.7264,0,62.5859,0,48.0241,0
240526,17821.084,0.1866,0,29.7265,0,62.5865,0,48.0243,0
240527,17858.5703,0.2239,0,29.7264,0,62.5872,0,48.0239,0
240528,17901.7832,0.2517,0,29.7262,0,62.5863,0,48.0242,0
240529,17921.623,0.2302,0,29.7264,0,62.5861,0,48.024,0
240530,17997.1445,0.2902,0,29.7269,0,62.5867,0,48.0242,0
240531,18049.1895,0.2386,0,29.7269,0,62.5867,0,48.0243,0
240532,18050.0313,0.1364,0,29.7267,0,62.5862,0,48.0244,0
240533,18022.4805,0.1316,0,29.7267,0,62.586,0,48.0242,0
240534,18077.8477,0.0663,0,29.7262,0,62.5865,0,48.024,0
240535,18039.8027,0.1623,0,29.7264,0,62.5867,0,48.0242,0
240536,18172.6504,0.2332,0,29.7269,0,62.587,0,48.0245,0
240537,18177.4883,0.1913,0,29.7271,0,62.5867,0,48.0246,0
240538,18187.8945,0.1767,0,29.7266,0,62.5865,0,48.0244,0
240539,18271.8105,0.2352,0,29.7269,0,62.5863,0,48.0245,1
240540,18332.9492,0.3229,0,29.7269,0,62.586,0,48.0244,1
240541,18400.5313,0.3639,0,29.7264,0,62.5862,0,48.0247,0
240542,18449.918,0.2948,0,29.7261,0,62.5871,0,48.0242,0
240543,18466.6621,0.2412,0,29.7262,0,62.5862,0,48.0242,0
240544,18521.8691,0.2273,0,29.7263,0,62.5858,0,48.0237,0
240545,18539.2148,0.1707,0,29.7266,0,62.5869,0,48.024,0
240546,18528.252,0.1271,0,29.7264,0,62.586,0,48.0247,0
240547,18619.5879,-0.0413,0,29.7267,0,62.5867,0,48.0242,0
240548,15675.5313,-3.3159,0,29.7268,0,62.5867,0,48.0242,0
240549,11716.8193,-3.3152,0,29.7273,0,62.5871,0,48.0248,0
240550,8798.252,-3.316,0,29.727,0,62.5865,0,48.0244,0
240551,6449.959,-3.3175,0,29.7266,0,62.5863,0,48.0244,0
240552,5005.7822,-3.3177,0,29.7267,0,62.5871,0,48.0247,0
240553,3808.5247,-3.3175,0,29.7276,0,62.587,0,48.025,0
240554,3132.3325,-3.3175,0,29.727,0,62.5867,0,48.0243,0
240555,2503.5491,-3.3173,0,29.7267,0,62.5863,0,48.0242,0
240556,2081.7234,-3.3164,0,29.7266,0,62.5863,0,48.0242,0
240557,1772.3508,-3.3159,0,29.7269,0,62.5865,0,48.0243,0
240558,1520.6829,-3.3158,0,29.7265,0,62.5868,0,48.0243,0
240559,1333.5087,-3.3164,0,29.7262,0,62.5866,0,48.024,0
240560,1172.8735,-3.3159,0,29.7259,0,62.5859,0,48.0238,0
240561,1051.5236,-3.3156,0,29.7266,0,62.5867,0,48.0243,0
240562,958.2271,-3.3155,0,29.7264,0,62.5866,0,48.0243,0
240563,879.1596,-3.3167,0,29.7261,0,62.5867,0,48.0241,0
240564,799.8037,-3.3169,0,29.7265,0,62.5866,0,48.0241,0
240565,743.1071,-3.3178,0,29.7263,0,62.5859,0,48.0237,0
240566,686.5771,-3.3177,0,29.7262,0,62.586,0,48.0239,0
240567,640.1539,-3.3177,0,29.7257,0,62.5861,0,48.0236,0
240568,608.7145,-3.3172,0,29.7264,0,62.5861,0,48.0245,0
240569,574.8064,-3.3161,0,29.7262,0,62.5864,0,48.0238,0
240570,564.2366,-3.3175,0,29.7265,0,62.586,0,48.0241,0
240571,532.9501,-3.3167,0,29.7266,0,62.5865,0,48.0247,0
240572,506.6458,-3.3156,0,29.7261,0,62.5865,0,48.0246,0
240573,489.6248,-3.3156,0,29.7262,0,62.5862,0,48.0239,0
240574,462.6177,-3.3159,0,29.7264,0,62.586,0,48.0245,0
240575,445.8566,-3.3165,0,29.7265,0,62.5865,0,48.0248,0
240576,425.3543,-3.318,0,29.7268,0,62.5864,0,48.0239,0
240577,409.8048,-3.3179,0,29.7267,0,62.5864,0,48.024,0
240578,391.486,-3.3171,0,29.7267,0,62.5867,0,48.0244,0
240579,377.0923,-3.3162,0,29.7264,0,62.5866,0,48.0242,0
240580,363.4538,-3.3157,0,29.7265,0,62.5865,0,48.0243,0
240581,350.3307,-3.3165,0,29.7266,0,62.5868,0,48.0238,0
240582,337.2067,-3.3167,0,29.7267,0,62.5861,0,48.0246,0
240583,323.471,-3.3158,0,29.7265,0,62.5871,0,48.0244,0
240584,314.1699,-3.3161,0,29.7264,0,62.5865,0,48.025,0
240585,304.4392,-3.317,0,29.7263,0,62.5862,0,48.0242,0
240586,300.6193,-3.3173,0,29.7263,0,62.5866,0,48.0245,0
240587,289.9197,-3.3177,0,29.7265,0,62.5865,0,48.0243,0
240588,277.3378,-3.3178,0,29.7262,0,62.5862,0,48.0241,0
240589,272.6418,-3.3182,0,29.7262,0,62.586,0,48.0243,0
240590,266.8246,-3.3179,0,29.7267,0,62.5862,0,48.0242,0
240591,258.7094,-3.3164,0,29.7265,0,62.5869,0,48.0243,0
240592,253.4771,-3.3179,0,29.7267,0,62.5862,0,48.0239,0
240593,251.0243,-3.3181,0,29.7264,0,62.586,0,48.0238,0
240594,248.3802,-3.3177,0,29.7265,0,62.5865,0,48.0246,0
240595,248.6981,-3.3175,0,29.7269,0,62.587,0,48.0248,0
240596,252.3731,-3.2604,0,29.7264,0,62.5867,0,48.0243,0
240597,258.6905,-2.7136,0,29.7267,0,62.5863,0,48.0241,0
240598,265.3607,-2.0282,0,29.7265,0,62.5864,0,48.0241,0
240599,275.0277,-1.3883,0,29.7265,0,62.5863,0,48.0243,0
